[0m01:30:49.409729 [debug] [MainThread]: Sending event: {'category': 'dbt', 'action': 'invocation', 'label': 'start', 'context': [<snowplow_tracker.self_describing_json.SelfDescribingJson object at 0x1103ec4c0>, <snowplow_tracker.self_describing_json.SelfDescribingJson object at 0x111e9b460>, <snowplow_tracker.self_describing_json.SelfDescribingJson object at 0x111e9ad70>]}


============================== 01:30:49.413152 | 047f387d-d329-4663-a40d-7fdb2a384c43 ==============================
[0m01:30:49.413152 [info ] [MainThread]: Running with dbt=1.12.3
[0m01:30:49.413677 [debug] [MainThread]: running dbt with arguments {'maximum_seed_size_mib': '1', 'partial_parse': 'True', 'indirect_selection': 'eager', 'profiles_dir': '/Users/saitejasunku/dev/dfe-apprenticeships-pipeline/dbt', 'log_path': '/Users/saitejasunku/dev/dfe-apprenticeships-pipeline/dbt/logs', 'hints_enabled': 'True', 'debug': 'False', 'warn_error_options': 'WarnErrorOptionsV2(error=[], warn=[], silence=[])', 'cache_selected_only': 'False', 'introspect': 'True', 'static_parser': 'True', 'use_colors': 'True', 'invocation_command': 'dbt debug', 'fail_fast': 'False', 'version_check': 'True', 'warn_error': 'None', 'target_path': 'None', 'no_print': 'None', 'empty': 'None', 'send_anonymous_usage_stats': 'True', 'log_cache_events': 'False', 'write_json': 'True', 'log_format': 'default', 'quiet': 'False', 'use_experimental_parser': 'False', 'printer_width': '80'}
[0m01:30:49.426355 [info ] [MainThread]: dbt version: 1.12.3
[0m01:30:49.426753 [info ] [MainThread]: python version: 3.10.0
[0m01:30:49.427002 [info ] [MainThread]: python path: /Users/saitejasunku/dev/dfe-apprenticeships-pipeline/.venv/bin/python3
[0m01:30:49.427234 [info ] [MainThread]: os info: macOS-26.5.2-arm64-arm-64bit
[0m01:30:50.224326 [info ] [MainThread]: Using profiles dir at /Users/saitejasunku/dev/dfe-apprenticeships-pipeline/dbt
[0m01:30:50.224823 [info ] [MainThread]: Using profiles.yml file at /Users/saitejasunku/dev/dfe-apprenticeships-pipeline/dbt/profiles.yml
[0m01:30:50.225096 [info ] [MainThread]: Using dbt_project.yml file at /Users/saitejasunku/dev/dfe-apprenticeships-pipeline/dbt/dbt_project.yml
[0m01:30:50.225358 [info ] [MainThread]: adapter type: bigquery
[0m01:30:50.225592 [info ] [MainThread]: adapter version: 1.12.0
[0m01:30:50.311307 [info ] [MainThread]: Configuration:
[0m01:30:50.311761 [info ] [MainThread]:   profiles.yml file [[32mOK found and valid[0m]
[0m01:30:50.312019 [info ] [MainThread]:   dbt_project.yml file [[32mOK found and valid[0m]
[0m01:30:50.312259 [info ] [MainThread]: Required dependencies:
[0m01:30:50.312592 [debug] [MainThread]: Executing "git --help"
[0m01:30:50.335397 [debug] [MainThread]: STDOUT: "b"usage: git [-v | --version] [-h | --help] [-C <path>] [-c <name>=<value>]\n           [--exec-path[=<path>]] [--html-path] [--man-path] [--info-path]\n           [-p | --paginate | -P | --no-pager] [--no-replace-objects] [--no-lazy-fetch]\n           [--no-optional-locks] [--no-advice] [--bare] [--git-dir=<path>]\n           [--work-tree=<path>] [--namespace=<name>] [--config-env=<name>=<envvar>]\n           <command> [<args>]\n\nThese are common Git commands used in various situations:\n\nstart a working area (see also: git help tutorial)\n   clone      Clone a repository into a new directory\n   init       Create an empty Git repository or reinitialize an existing one\n\nwork on the current change (see also: git help everyday)\n   add        Add file contents to the index\n   mv         Move or rename a file, a directory, or a symlink\n   restore    Restore working tree files\n   rm         Remove files from the working tree and from the index\n\nexamine the history and state (see also: git help revisions)\n   bisect     Use binary search to find the commit that introduced a bug\n   diff       Show changes between commits, commit and working tree, etc\n   grep       Print lines matching a pattern\n   log        Show commit logs\n   show       Show various types of objects\n   status     Show the working tree status\n\ngrow, mark and tweak your common history\n   backfill   Download missing objects in a partial clone\n   branch     List, create, or delete branches\n   commit     Record changes to the repository\n   merge      Join two or more development histories together\n   rebase     Reapply commits on top of another base tip\n   reset      Reset current HEAD to the specified state\n   switch     Switch branches\n   tag        Create, list, delete or verify a tag object signed with GPG\n\ncollaborate (see also: git help workflows)\n   fetch      Download objects and refs from another repository\n   pull       Fetch from and integrate with another repository or a local branch\n   push       Update remote refs along with associated objects\n\n'git help -a' and 'git help -g' list available subcommands and some\nconcept guides. See 'git help <command>' or 'git help <concept>'\nto read about a specific subcommand or concept.\nSee 'git help git' for an overview of the system.\n""
[0m01:30:50.336337 [debug] [MainThread]: STDERR: "b''"
[0m01:30:50.336774 [info ] [MainThread]:  - git [[32mOK found[0m]

[0m01:30:50.337180 [info ] [MainThread]: Connection:
[0m01:30:50.337646 [info ] [MainThread]:   method: oauth
[0m01:30:50.337896 [info ] [MainThread]:   database: dfe-apprenticeships-2026
[0m01:30:50.338143 [info ] [MainThread]:   execution_project: dfe-apprenticeships-2026
[0m01:30:50.338374 [info ] [MainThread]:   schema: silver
[0m01:30:50.338589 [info ] [MainThread]:   location: europe-west2
[0m01:30:50.338803 [info ] [MainThread]:   priority: interactive
[0m01:30:50.339028 [info ] [MainThread]:   maximum_bytes_billed: None
[0m01:30:50.339245 [info ] [MainThread]:   reservation: None
[0m01:30:50.339466 [info ] [MainThread]:   impersonate_service_account: None
[0m01:30:50.339681 [info ] [MainThread]:   job_retry_deadline_seconds: None
[0m01:30:50.339896 [info ] [MainThread]:   job_retries: 1
[0m01:30:50.340113 [info ] [MainThread]:   job_creation_timeout_seconds: None
[0m01:30:50.340329 [info ] [MainThread]:   job_execution_timeout_seconds: None
[0m01:30:50.340539 [info ] [MainThread]:   job_link_info_level_log: False
[0m01:30:50.340754 [info ] [MainThread]:   timeout_seconds: None
[0m01:30:50.340964 [info ] [MainThread]:   client_id: None
[0m01:30:50.341172 [info ] [MainThread]:   token_uri: None
[0m01:30:50.341405 [info ] [MainThread]:   compute_region: None
[0m01:30:50.341617 [info ] [MainThread]:   dataproc_cluster_name: None
[0m01:30:50.341821 [info ] [MainThread]:   gcs_bucket: None
[0m01:30:50.342031 [info ] [MainThread]:   dataproc_batch: None
[0m01:30:50.342624 [info ] [MainThread]: Registered adapter: bigquery=1.12.0
[0m01:30:50.615929 [debug] [MainThread]: Acquiring new bigquery connection 'debug'
[0m01:30:50.616472 [debug] [MainThread]: On debug: select 1 as id
[0m01:30:50.616830 [debug] [MainThread]: Opening a new connection, currently in state init
[0m01:30:52.618166 [debug] [MainThread]: BigQuery adapter: https://console.cloud.google.com/bigquery?project=dfe-apprenticeships-2026&j=bq:europe-west2:9e61e588-e445-4430-856f-bd979715d1de&page=queryresults
[0m01:30:52.971867 [debug] [MainThread]: SQL status: OK in 0.352 seconds
[0m01:30:53.369803 [info ] [MainThread]:   Connection test: [[32mOK connection ok[0m]

[0m01:30:53.370927 [info ] [MainThread]: [32mAll checks passed![0m
[0m01:30:53.519931 [debug] [MainThread]: Resource report: {"command_name": "debug", "command_success": true, "command_wall_clock_time": 4.1911936, "process_in_blocks": "0", "process_kernel_time": 0.342815, "process_mem_max_rss": "224837632", "process_out_blocks": "0", "process_user_time": 2.040549}
[0m01:30:53.521185 [debug] [MainThread]: Command `dbt debug` succeeded at 01:30:53.520962 after 4.19 seconds
[0m01:30:53.521953 [debug] [MainThread]: Connection 'debug' was properly closed.
[0m01:30:53.522895 [debug] [MainThread]: Sending event: {'category': 'dbt', 'action': 'invocation', 'label': 'end', 'context': [<snowplow_tracker.self_describing_json.SelfDescribingJson object at 0x1103ec4c0>, <snowplow_tracker.self_describing_json.SelfDescribingJson object at 0x1107e0c70>, <snowplow_tracker.self_describing_json.SelfDescribingJson object at 0x1268f4a00>]}
[0m01:30:53.523818 [debug] [MainThread]: Flushing usage events
[0m01:30:53.900290 [debug] [MainThread]: An error was encountered while trying to flush usage events
[0m01:31:37.531447 [debug] [MainThread]: Sending event: {'category': 'dbt', 'action': 'invocation', 'label': 'start', 'context': [<snowplow_tracker.self_describing_json.SelfDescribingJson object at 0x1086345b0>, <snowplow_tracker.self_describing_json.SelfDescribingJson object at 0x109bf9690>, <snowplow_tracker.self_describing_json.SelfDescribingJson object at 0x109bf9d80>]}


============================== 01:31:37.536078 | d32f5681-87c1-4ba1-aff9-5f5898567d1f ==============================
[0m01:31:37.536078 [info ] [MainThread]: Running with dbt=1.12.3
[0m01:31:37.536659 [debug] [MainThread]: running dbt with arguments {'empty': 'False', 'target_path': 'None', 'partial_parse': 'True', 'static_parser': 'True', 'invocation_command': 'dbt run', 'log_cache_events': 'False', 'use_colors': 'True', 'send_anonymous_usage_stats': 'True', 'no_print': 'None', 'quiet': 'False', 'use_experimental_parser': 'False', 'fail_fast': 'False', 'profiles_dir': '/Users/saitejasunku/dev/dfe-apprenticeships-pipeline/dbt', 'warn_error_options': 'WarnErrorOptionsV2(error=[], warn=[], silence=[])', 'printer_width': '80', 'log_path': '/Users/saitejasunku/dev/dfe-apprenticeships-pipeline/dbt/logs', 'log_format': 'default', 'introspect': 'True', 'debug': 'False', 'maximum_seed_size_mib': '1', 'write_json': 'True', 'cache_selected_only': 'False', 'version_check': 'True', 'indirect_selection': 'eager', 'hints_enabled': 'True', 'warn_error': 'None'}
[0m01:31:38.436412 [debug] [MainThread]: Sending event: {'category': 'dbt', 'action': 'project_id', 'label': 'd32f5681-87c1-4ba1-aff9-5f5898567d1f', 'context': [<snowplow_tracker.self_describing_json.SelfDescribingJson object at 0x106ac6590>]}
[0m01:31:38.485625 [debug] [MainThread]: Sending event: {'category': 'dbt', 'action': 'adapter_info', 'label': 'd32f5681-87c1-4ba1-aff9-5f5898567d1f', 'context': [<snowplow_tracker.self_describing_json.SelfDescribingJson object at 0x109bfb4c0>]}
[0m01:31:38.486592 [info ] [MainThread]: Registered adapter: bigquery=1.12.0
[0m01:31:38.626650 [debug] [MainThread]: checksum: bb6e37aa7c22dced2fca8823c27fc430dacd6c63a1bb04c7ae77561e073a3fe6, vars: {}, profile: dfe_apprenticeships, target: dev, version: 1.12.3
[0m01:31:38.627416 [info ] [MainThread]: Unable to do partial parsing because saved manifest not found. Starting full parse.
[0m01:31:38.627745 [debug] [MainThread]: Sending event: {'category': 'dbt', 'action': 'partial_parser', 'label': 'd32f5681-87c1-4ba1-aff9-5f5898567d1f', 'context': [<snowplow_tracker.self_describing_json.SelfDescribingJson object at 0x118e47a60>]}
[0m01:31:39.775317 [warn ] [MainThread]: [[33mWARNING[0m]: Configuration paths exist in your dbt_project.yml file which do not apply to any resources.
There are 1 unused configuration paths:
- models.dfe_apprenticeships.marts
[0m01:31:39.778604 [debug] [MainThread]: Sending event: {'category': 'dbt', 'action': 'load_project', 'label': 'd32f5681-87c1-4ba1-aff9-5f5898567d1f', 'context': [<snowplow_tracker.self_describing_json.SelfDescribingJson object at 0x119443970>]}
[0m01:31:39.877406 [debug] [MainThread]: Wrote artifact WritableManifest to /Users/saitejasunku/dev/dfe-apprenticeships-pipeline/dbt/target/manifest.json
[0m01:31:39.880340 [debug] [MainThread]: Wrote artifact SemanticManifest to /Users/saitejasunku/dev/dfe-apprenticeships-pipeline/dbt/target/semantic_manifest.json
[0m01:31:39.895899 [debug] [MainThread]: Wrote artifact OsiDocument to /Users/saitejasunku/dev/dfe-apprenticeships-pipeline/dbt/target/osi_document.json
[0m01:31:39.903579 [debug] [MainThread]: Sending event: {'category': 'dbt', 'action': 'resource_counts', 'label': 'd32f5681-87c1-4ba1-aff9-5f5898567d1f', 'context': [<snowplow_tracker.self_describing_json.SelfDescribingJson object at 0x119604b50>]}
[0m01:31:39.904108 [info ] [MainThread]: Found 1 model, 1 source, 564 macros
[0m01:31:39.904404 [debug] [MainThread]: Sending event: {'category': 'dbt', 'action': 'runnable_timing', 'label': 'd32f5681-87c1-4ba1-aff9-5f5898567d1f', 'context': [<snowplow_tracker.self_describing_json.SelfDescribingJson object at 0x119605cc0>]}
[0m01:31:39.905528 [info ] [MainThread]: 
[0m01:31:39.905820 [info ] [MainThread]: Concurrency: 4 threads (target='dev')
[0m01:31:39.906054 [info ] [MainThread]: 
[0m01:31:39.906471 [debug] [MainThread]: Acquiring new bigquery connection 'master'
[0m01:31:39.907215 [debug] [ThreadPool]: Acquiring new bigquery connection 'list_dfe-apprenticeships-2026'
[0m01:31:39.907549 [debug] [ThreadPool]: Opening a new connection, currently in state init
[0m01:31:41.163256 [debug] [ThreadPool]: Re-using an available connection from the pool (formerly list_dfe-apprenticeships-2026, now create_dfe-apprenticeships-2026_silver_silver)
[0m01:31:41.164648 [debug] [ThreadPool]: Creating schema "database: "dfe-apprenticeships-2026"
schema: "silver_silver"
"
[0m01:31:41.177187 [debug] [ThreadPool]: On create_dfe-apprenticeships-2026_silver_silver: /* {"app": "dbt", "dbt_version": "1.12.3", "profile_name": "dfe_apprenticeships", "target_name": "dev", "connection_name": "create_dfe-apprenticeships-2026_silver_silver"} */
create schema if not exists `dfe-apprenticeships-2026`.`silver_silver`
  
[0m01:31:41.177874 [debug] [ThreadPool]: Opening a new connection, currently in state closed
[0m01:31:41.892860 [debug] [ThreadPool]: BigQuery adapter: https://console.cloud.google.com/bigquery?project=dfe-apprenticeships-2026&j=bq:europe-west2:357634a3-d2ac-4efc-99d5-d294d55d2342&page=queryresults
[0m01:31:43.239365 [debug] [ThreadPool]: SQL status: OK in 1.345 seconds
[0m01:31:43.291371 [debug] [ThreadPool]: Re-using an available connection from the pool (formerly create_dfe-apprenticeships-2026_silver_silver, now list_dfe-apprenticeships-2026_silver_silver)
[0m01:31:43.291888 [debug] [ThreadPool]: Opening a new connection, currently in state closed
[0m01:31:44.044670 [debug] [MainThread]: Sending event: {'category': 'dbt', 'action': 'runnable_timing', 'label': 'd32f5681-87c1-4ba1-aff9-5f5898567d1f', 'context': [<snowplow_tracker.self_describing_json.SelfDescribingJson object at 0x1196059f0>]}
[0m01:31:44.045957 [debug] [MainThread]: Opening a new connection, currently in state init
[0m01:31:44.050820 [debug] [Thread-1 (]: Began running node model.dfe_apprenticeships.stg_apprenticeships
[0m01:31:44.051582 [info ] [Thread-1 (]: 1 of 1 START sql table model silver_silver.stg_apprenticeships ................. [RUN]
[0m01:31:44.052389 [debug] [Thread-1 (]: Re-using an available connection from the pool (formerly list_dfe-apprenticeships-2026_silver_silver, now model.dfe_apprenticeships.stg_apprenticeships)
[0m01:31:44.053252 [debug] [Thread-1 (]: Began compiling node model.dfe_apprenticeships.stg_apprenticeships
[0m01:31:44.063742 [debug] [Thread-1 (]: Writing injected SQL for node "model.dfe_apprenticeships.stg_apprenticeships"
[0m01:31:44.065103 [debug] [Thread-1 (]: Began executing node model.dfe_apprenticeships.stg_apprenticeships
[0m01:31:44.099664 [debug] [Thread-1 (]: Writing runtime sql for node "model.dfe_apprenticeships.stg_apprenticeships"
[0m01:31:44.100951 [debug] [Thread-1 (]: On model.dfe_apprenticeships.stg_apprenticeships: /* {"app": "dbt", "dbt_version": "1.12.3", "profile_name": "dfe_apprenticeships", "target_name": "dev", "node_id": "model.dfe_apprenticeships.stg_apprenticeships"} */

  
    

    create or replace table `dfe-apprenticeships-2026`.`silver_silver`.`stg_apprenticeships`
      
    partition by range_bucket(
            academic_year_start,
            generate_array(2017, 2030, 1)
        )
    cluster by dataset_version, region_code, apprenticeship_level

    
    OPTIONS()
    as (
      

/*
  Silver: typed, suppression-aware, one row per natural key per dataset version.

  Three things happen here and nowhere else:
    1. Each measure splits into a typed value + a status code (see macros).
    2. `aggregation_depth` is derived so downstream models can avoid the
       subtotal double-count trap.
    3. `time_period` (202425) becomes a usable year pair.
*/

with source as (

    select * from `dfe-apprenticeships-2026`.`bronze`.`raw_apprenticeships`

),

typed as (

    select
        -- ---- lineage -----------------------------------------------------
        version                                   as dataset_version,
        parse_date('%Y-%m-%d', ingest_date)       as ingested_date,

        -- ---- time --------------------------------------------------------
        -- '202425' -> 2024 (start) / 2025 (end), label '2024/25'
        cast(substr(time_period, 1, 4) as int64)  as academic_year_start,
        cast(substr(time_period, 1, 4) as int64) + 1 as academic_year_end,
        concat(substr(time_period, 1, 4), '/', substr(time_period, 5, 2))
                                                  as academic_year_label,
        time_identifier,

        -- ---- geography ---------------------------------------------------
        geographic_level,
        country_code,
        country_name,
        nullif(region_code, '')                   as region_code,
        nullif(region_name, '')                   as region_name,

        -- ---- filter dimensions -------------------------------------------
        apprenticeship_level,
        age_youth_adult,
        age_group,
        funding_type,
        provider_type,

        -- ---- measures: value + why-it-is-null ----------------------------
        
    SAFE_CAST(NULLIF(TRIM(start_count), '') AS INT64)          as start_count,
        
    CASE
        WHEN start_count IS NULL OR TRIM(start_count) = '' THEN 'missing'
        WHEN SAFE_CAST(TRIM(start_count) AS FLOAT64) IS NOT NULL THEN 'published'
        WHEN LOWER(TRIM(start_count)) = 'low' THEN 'suppressed_low'
        WHEN LOWER(TRIM(start_count)) = 'c'   THEN 'suppressed_confidential'
        WHEN LOWER(TRIM(start_count)) = 'z'   THEN 'not_applicable'
        ELSE 'unrecognised'
    END                  as start_count_status,

        
    SAFE_CAST(NULLIF(TRIM(achievement_count), '') AS INT64)    as achievement_count,
        
    CASE
        WHEN achievement_count IS NULL OR TRIM(achievement_count) = '' THEN 'missing'
        WHEN SAFE_CAST(TRIM(achievement_count) AS FLOAT64) IS NOT NULL THEN 'published'
        WHEN LOWER(TRIM(achievement_count)) = 'low' THEN 'suppressed_low'
        WHEN LOWER(TRIM(achievement_count)) = 'c'   THEN 'suppressed_confidential'
        WHEN LOWER(TRIM(achievement_count)) = 'z'   THEN 'not_applicable'
        ELSE 'unrecognised'
    END            as achievement_count_status,

        
    SAFE_CAST(NULLIF(TRIM(participation_count), '') AS INT64)  as participation_count,
        
    CASE
        WHEN participation_count IS NULL OR TRIM(participation_count) = '' THEN 'missing'
        WHEN SAFE_CAST(TRIM(participation_count) AS FLOAT64) IS NOT NULL THEN 'published'
        WHEN LOWER(TRIM(participation_count)) = 'low' THEN 'suppressed_low'
        WHEN LOWER(TRIM(participation_count)) = 'c'   THEN 'suppressed_confidential'
        WHEN LOWER(TRIM(participation_count)) = 'z'   THEN 'not_applicable'
        ELSE 'unrecognised'
    END          as participation_count_status,

        
    SAFE_CAST(NULLIF(TRIM(starts_percent), '') AS FLOAT64)     as starts_percent,
        
    CASE
        WHEN starts_percent IS NULL OR TRIM(starts_percent) = '' THEN 'missing'
        WHEN SAFE_CAST(TRIM(starts_percent) AS FLOAT64) IS NOT NULL THEN 'published'
        WHEN LOWER(TRIM(starts_percent)) = 'low' THEN 'suppressed_low'
        WHEN LOWER(TRIM(starts_percent)) = 'c'   THEN 'suppressed_confidential'
        WHEN LOWER(TRIM(starts_percent)) = 'z'   THEN 'not_applicable'
        ELSE 'unrecognised'
    END               as starts_percent_status,

        
    SAFE_CAST(NULLIF(TRIM(achievements_percent), '') AS FLOAT64) as achievements_percent,
        
    CASE
        WHEN achievements_percent IS NULL OR TRIM(achievements_percent) = '' THEN 'missing'
        WHEN SAFE_CAST(TRIM(achievements_percent) AS FLOAT64) IS NOT NULL THEN 'published'
        WHEN LOWER(TRIM(achievements_percent)) = 'low' THEN 'suppressed_low'
        WHEN LOWER(TRIM(achievements_percent)) = 'c'   THEN 'suppressed_confidential'
        WHEN LOWER(TRIM(achievements_percent)) = 'z'   THEN 'not_applicable'
        ELSE 'unrecognised'
    END         as achievements_percent_status,

        -- ---- grain -------------------------------------------------------
        
    (
        IF(apprenticeship_level = 'Total', 1, 0)
      + IF(age_youth_adult = 'Total', 1, 0)
      + IF(age_group = 'Total', 1, 0)
      + IF(funding_type = 'Total', 1, 0)
      + IF(provider_type = 'Total', 1, 0)
    )                 as aggregation_depth

    from source

)

select
    -- Stable surrogate over the 8-part natural key. Used downstream to detect
    -- restatements between dataset versions.
    to_hex(md5(concat(
        cast(academic_year_start as string), '|',
        geographic_level, '|', coalesce(region_code, 'NA'), '|',
        apprenticeship_level, '|', age_youth_adult, '|',
        age_group, '|', funding_type, '|', provider_type
    )))                                            as row_key,

    *,
    aggregation_depth = 0                          as is_detail_grain,

    -- 2025/26 is part-year (first three quarters) and will be revised.
    academic_year_start = 2025                     as is_provisional

from typed
    );
  
[0m01:31:44.101548 [debug] [Thread-1 (]: Opening a new connection, currently in state closed
[0m01:31:45.598585 [debug] [Thread-1 (]: BigQuery adapter: https://console.cloud.google.com/bigquery?project=dfe-apprenticeships-2026&j=bq:europe-west2:f87bbe20-d131-422f-9692-f10d1c1d25a7&page=queryresults
[0m01:31:45.884137 [error] [Thread-1 (]: BigQuery adapter: https://console.cloud.google.com/bigquery?project=dfe-apprenticeships-2026&j=bq:europe-west2:f87bbe20-d131-422f-9692-f10d1c1d25a7&page=queryresults
[0m01:31:45.896078 [debug] [Thread-1 (]: Database Error in model stg_apprenticeships (models/staging/stg_apprenticeships.sql)
  No matching signature for function PARSE_DATE
    Argument types: STRING, DATE
    Signature: PARSE_DATE(STRING, STRING)
      Argument 2: Unable to coerce type DATE to expected type STRING at [40:9]
  compiled code at target/run/dfe_apprenticeships/models/staging/stg_apprenticeships.sql
[0m01:31:45.899573 [debug] [Thread-1 (]: Sending event: {'category': 'dbt', 'action': 'run_model', 'label': 'd32f5681-87c1-4ba1-aff9-5f5898567d1f', 'context': [<snowplow_tracker.self_describing_json.SelfDescribingJson object at 0x10842dde0>]}
[0m01:31:45.900818 [error] [Thread-1 (]: 1 of 1 ERROR creating sql table model silver_silver.stg_apprenticeships ........ [[31mERROR[0m in 1.84s]
[0m01:31:45.901710 [debug] [Thread-1 (]: Finished running node model.dfe_apprenticeships.stg_apprenticeships
[0m01:31:45.902466 [debug] [Thread-7 (]: Marking all children of 'model.dfe_apprenticeships.stg_apprenticeships' to be skipped because of status 'error'.  Reason: Database Error in model stg_apprenticeships (models/staging/stg_apprenticeships.sql)
  No matching signature for function PARSE_DATE
    Argument types: STRING, DATE
    Signature: PARSE_DATE(STRING, STRING)
      Argument 2: Unable to coerce type DATE to expected type STRING at [40:9]
  compiled code at target/run/dfe_apprenticeships/models/staging/stg_apprenticeships.sql.
[0m01:31:45.904812 [debug] [MainThread]: Opening a new connection, currently in state closed
[0m01:31:45.905571 [debug] [MainThread]: Connection 'master' was properly closed.
[0m01:31:45.905862 [debug] [MainThread]: Connection 'model.dfe_apprenticeships.stg_apprenticeships' was properly closed.
[0m01:31:45.906184 [info ] [MainThread]: 
[0m01:31:45.906507 [info ] [MainThread]: Finished running 1 table model in 0 hours 0 minutes and 6.00 seconds (6.00s).
[0m01:31:45.907167 [debug] [MainThread]: Command end result
[0m01:31:45.945092 [debug] [MainThread]: Wrote artifact WritableManifest to /Users/saitejasunku/dev/dfe-apprenticeships-pipeline/dbt/target/manifest.json
[0m01:31:45.947851 [debug] [MainThread]: Wrote artifact SemanticManifest to /Users/saitejasunku/dev/dfe-apprenticeships-pipeline/dbt/target/semantic_manifest.json
[0m01:31:45.949982 [debug] [MainThread]: Wrote artifact OsiDocument to /Users/saitejasunku/dev/dfe-apprenticeships-pipeline/dbt/target/osi_document.json
[0m01:31:45.956004 [debug] [MainThread]: Wrote artifact RunExecutionResult to /Users/saitejasunku/dev/dfe-apprenticeships-pipeline/dbt/target/run_results.json
[0m01:31:45.956280 [info ] [MainThread]: 
[0m01:31:45.956585 [info ] [MainThread]: [31mCompleted with 1 error, 0 partial successes, and 0 warnings:[0m
[0m01:31:45.956838 [info ] [MainThread]: 
[0m01:31:45.957143 [error] [MainThread]: [[31mERROR[0m]: in model stg_apprenticeships (models/staging/stg_apprenticeships.sql)
[0m01:31:45.957435 [error] [MainThread]:   Database Error in model stg_apprenticeships (models/staging/stg_apprenticeships.sql)
  No matching signature for function PARSE_DATE
    Argument types: STRING, DATE
    Signature: PARSE_DATE(STRING, STRING)
      Argument 2: Unable to coerce type DATE to expected type STRING at [40:9]
  compiled code at target/run/dfe_apprenticeships/models/staging/stg_apprenticeships.sql
[0m01:31:45.957670 [info ] [MainThread]: 
[0m01:31:45.957939 [info ] [MainThread]:   compiled code at target/compiled/dfe_apprenticeships/models/staging/stg_apprenticeships.sql
[0m01:31:45.958162 [info ] [MainThread]: 
[0m01:31:45.958422 [info ] [MainThread]: Done. PASS=0 WARN=0 ERROR=1 SKIP=0 NO-OP=0 REUSED=0 TOTAL=1
[0m01:31:45.963609 [debug] [MainThread]: Resource report: {"command_name": "run", "command_success": false, "command_wall_clock_time": 8.508918, "process_in_blocks": "0", "process_kernel_time": 0.42255, "process_mem_max_rss": "245596160", "process_out_blocks": "0", "process_user_time": 3.487838}
[0m01:31:45.963986 [debug] [MainThread]: Command `dbt run` failed at 01:31:45.963925 after 8.51 seconds
[0m01:31:45.964333 [debug] [MainThread]: Sending event: {'category': 'dbt', 'action': 'invocation', 'label': 'end', 'context': [<snowplow_tracker.self_describing_json.SelfDescribingJson object at 0x1086345b0>, <snowplow_tracker.self_describing_json.SelfDescribingJson object at 0x1195a7070>, <snowplow_tracker.self_describing_json.SelfDescribingJson object at 0x1088dbf40>]}
[0m01:31:45.964630 [debug] [MainThread]: Flushing usage events
[0m01:31:46.305452 [debug] [MainThread]: An error was encountered while trying to flush usage events
[0m01:31:56.872837 [debug] [MainThread]: Sending event: {'category': 'dbt', 'action': 'invocation', 'label': 'start', 'context': [<snowplow_tracker.self_describing_json.SelfDescribingJson object at 0x1085dc5e0>, <snowplow_tracker.self_describing_json.SelfDescribingJson object at 0x1099dd270>, <snowplow_tracker.self_describing_json.SelfDescribingJson object at 0x1099dd960>]}


============================== 01:31:56.878643 | 68c3fc9f-ba94-4fd1-9955-2fe59294cf0e ==============================
[0m01:31:56.878643 [info ] [MainThread]: Running with dbt=1.12.3
[0m01:31:56.879170 [debug] [MainThread]: running dbt with arguments {'fail_fast': 'False', 'debug': 'False', 'printer_width': '80', 'no_print': 'None', 'invocation_command': 'dbt run', 'quiet': 'False', 'send_anonymous_usage_stats': 'True', 'warn_error_options': 'WarnErrorOptionsV2(error=[], warn=[], silence=[])', 'introspect': 'True', 'hints_enabled': 'True', 'cache_selected_only': 'False', 'target_path': 'None', 'log_path': '/Users/saitejasunku/dev/dfe-apprenticeships-pipeline/dbt/logs', 'use_colors': 'True', 'empty': 'False', 'static_parser': 'True', 'profiles_dir': '/Users/saitejasunku/dev/dfe-apprenticeships-pipeline/dbt', 'indirect_selection': 'eager', 'partial_parse': 'True', 'use_experimental_parser': 'False', 'log_format': 'default', 'maximum_seed_size_mib': '1', 'warn_error': 'None', 'log_cache_events': 'False', 'version_check': 'True', 'write_json': 'True'}
[0m01:31:58.111141 [debug] [MainThread]: Sending event: {'category': 'dbt', 'action': 'project_id', 'label': '68c3fc9f-ba94-4fd1-9955-2fe59294cf0e', 'context': [<snowplow_tracker.self_describing_json.SelfDescribingJson object at 0x12bbf8340>]}
[0m01:31:58.162029 [debug] [MainThread]: Sending event: {'category': 'dbt', 'action': 'adapter_info', 'label': '68c3fc9f-ba94-4fd1-9955-2fe59294cf0e', 'context': [<snowplow_tracker.self_describing_json.SelfDescribingJson object at 0x12bac17e0>]}
[0m01:31:58.162878 [info ] [MainThread]: Registered adapter: bigquery=1.12.0
[0m01:31:58.309635 [debug] [MainThread]: checksum: bb6e37aa7c22dced2fca8823c27fc430dacd6c63a1bb04c7ae77561e073a3fe6, vars: {}, profile: dfe_apprenticeships, target: dev, version: 1.12.3
[0m01:31:58.452269 [debug] [MainThread]: Partial parsing enabled: 0 files deleted, 0 files added, 1 files changed.
[0m01:31:58.452948 [debug] [MainThread]: Partial parsing: updated file: dfe_apprenticeships://models/staging/stg_apprenticeships.sql
[0m01:31:58.765487 [warn ] [MainThread]: [[33mWARNING[0m]: Configuration paths exist in your dbt_project.yml file which do not apply to any resources.
There are 1 unused configuration paths:
- models.dfe_apprenticeships.marts
[0m01:31:58.768648 [debug] [MainThread]: Sending event: {'category': 'dbt', 'action': 'load_project', 'label': '68c3fc9f-ba94-4fd1-9955-2fe59294cf0e', 'context': [<snowplow_tracker.self_describing_json.SelfDescribingJson object at 0x12c4ce1d0>]}
[0m01:31:58.874753 [debug] [MainThread]: Wrote artifact WritableManifest to /Users/saitejasunku/dev/dfe-apprenticeships-pipeline/dbt/target/manifest.json
[0m01:31:58.877569 [debug] [MainThread]: Wrote artifact SemanticManifest to /Users/saitejasunku/dev/dfe-apprenticeships-pipeline/dbt/target/semantic_manifest.json
[0m01:31:58.892896 [debug] [MainThread]: Wrote artifact OsiDocument to /Users/saitejasunku/dev/dfe-apprenticeships-pipeline/dbt/target/osi_document.json
[0m01:31:58.901018 [debug] [MainThread]: Sending event: {'category': 'dbt', 'action': 'resource_counts', 'label': '68c3fc9f-ba94-4fd1-9955-2fe59294cf0e', 'context': [<snowplow_tracker.self_describing_json.SelfDescribingJson object at 0x12bb26740>]}
[0m01:31:58.901520 [info ] [MainThread]: Found 1 model, 1 source, 564 macros
[0m01:31:58.901817 [debug] [MainThread]: Sending event: {'category': 'dbt', 'action': 'runnable_timing', 'label': '68c3fc9f-ba94-4fd1-9955-2fe59294cf0e', 'context': [<snowplow_tracker.self_describing_json.SelfDescribingJson object at 0x12bb26ce0>]}
[0m01:31:58.903112 [info ] [MainThread]: 
[0m01:31:58.903410 [info ] [MainThread]: Concurrency: 4 threads (target='dev')
[0m01:31:58.903644 [info ] [MainThread]: 
[0m01:31:58.904063 [debug] [MainThread]: Acquiring new bigquery connection 'master'
[0m01:31:58.904810 [debug] [ThreadPool]: Acquiring new bigquery connection 'list_dfe-apprenticeships-2026'
[0m01:31:58.905138 [debug] [ThreadPool]: Opening a new connection, currently in state init
[0m01:32:00.227766 [debug] [ThreadPool]: Re-using an available connection from the pool (formerly list_dfe-apprenticeships-2026, now list_dfe-apprenticeships-2026_silver_silver)
[0m01:32:00.229038 [debug] [ThreadPool]: Opening a new connection, currently in state closed
[0m01:32:00.819380 [debug] [MainThread]: Sending event: {'category': 'dbt', 'action': 'runnable_timing', 'label': '68c3fc9f-ba94-4fd1-9955-2fe59294cf0e', 'context': [<snowplow_tracker.self_describing_json.SelfDescribingJson object at 0x10986ad70>]}
[0m01:32:00.820784 [debug] [MainThread]: Opening a new connection, currently in state init
[0m01:32:00.826707 [debug] [Thread-1 (]: Began running node model.dfe_apprenticeships.stg_apprenticeships
[0m01:32:00.827782 [info ] [Thread-1 (]: 1 of 1 START sql table model silver_silver.stg_apprenticeships ................. [RUN]
[0m01:32:00.828552 [debug] [Thread-1 (]: Re-using an available connection from the pool (formerly list_dfe-apprenticeships-2026_silver_silver, now model.dfe_apprenticeships.stg_apprenticeships)
[0m01:32:00.829062 [debug] [Thread-1 (]: Began compiling node model.dfe_apprenticeships.stg_apprenticeships
[0m01:32:00.841949 [debug] [Thread-1 (]: Writing injected SQL for node "model.dfe_apprenticeships.stg_apprenticeships"
[0m01:32:00.843061 [debug] [Thread-1 (]: Began executing node model.dfe_apprenticeships.stg_apprenticeships
[0m01:32:00.883090 [debug] [Thread-1 (]: Writing runtime sql for node "model.dfe_apprenticeships.stg_apprenticeships"
[0m01:32:00.884305 [debug] [Thread-1 (]: On model.dfe_apprenticeships.stg_apprenticeships: /* {"app": "dbt", "dbt_version": "1.12.3", "profile_name": "dfe_apprenticeships", "target_name": "dev", "node_id": "model.dfe_apprenticeships.stg_apprenticeships"} */

  
    

    create or replace table `dfe-apprenticeships-2026`.`silver_silver`.`stg_apprenticeships`
      
    partition by range_bucket(
            academic_year_start,
            generate_array(2017, 2030, 1)
        )
    cluster by dataset_version, region_code, apprenticeship_level

    
    OPTIONS()
    as (
      

/*
  Silver: typed, suppression-aware, one row per natural key per dataset version.

  Three things happen here and nowhere else:
    1. Each measure splits into a typed value + a status code (see macros).
    2. `aggregation_depth` is derived so downstream models can avoid the
       subtotal double-count trap.
    3. `time_period` (202425) becomes a usable year pair.
*/

with source as (

    select * from `dfe-apprenticeships-2026`.`bronze`.`raw_apprenticeships`

),

typed as (

    select
        -- ---- lineage -----------------------------------------------------
        version                                   as dataset_version,
        -- hive AUTO partitioning already infers this as DATE
        ingest_date                               as ingested_date,

        -- ---- time --------------------------------------------------------
        -- '202425' -> 2024 (start) / 2025 (end), label '2024/25'
        cast(substr(time_period, 1, 4) as int64)  as academic_year_start,
        cast(substr(time_period, 1, 4) as int64) + 1 as academic_year_end,
        concat(substr(time_period, 1, 4), '/', substr(time_period, 5, 2))
                                                  as academic_year_label,
        time_identifier,

        -- ---- geography ---------------------------------------------------
        geographic_level,
        country_code,
        country_name,
        nullif(region_code, '')                   as region_code,
        nullif(region_name, '')                   as region_name,

        -- ---- filter dimensions -------------------------------------------
        apprenticeship_level,
        age_youth_adult,
        age_group,
        funding_type,
        provider_type,

        -- ---- measures: value + why-it-is-null ----------------------------
        
    SAFE_CAST(NULLIF(TRIM(start_count), '') AS INT64)          as start_count,
        
    CASE
        WHEN start_count IS NULL OR TRIM(start_count) = '' THEN 'missing'
        WHEN SAFE_CAST(TRIM(start_count) AS FLOAT64) IS NOT NULL THEN 'published'
        WHEN LOWER(TRIM(start_count)) = 'low' THEN 'suppressed_low'
        WHEN LOWER(TRIM(start_count)) = 'c'   THEN 'suppressed_confidential'
        WHEN LOWER(TRIM(start_count)) = 'z'   THEN 'not_applicable'
        ELSE 'unrecognised'
    END                  as start_count_status,

        
    SAFE_CAST(NULLIF(TRIM(achievement_count), '') AS INT64)    as achievement_count,
        
    CASE
        WHEN achievement_count IS NULL OR TRIM(achievement_count) = '' THEN 'missing'
        WHEN SAFE_CAST(TRIM(achievement_count) AS FLOAT64) IS NOT NULL THEN 'published'
        WHEN LOWER(TRIM(achievement_count)) = 'low' THEN 'suppressed_low'
        WHEN LOWER(TRIM(achievement_count)) = 'c'   THEN 'suppressed_confidential'
        WHEN LOWER(TRIM(achievement_count)) = 'z'   THEN 'not_applicable'
        ELSE 'unrecognised'
    END            as achievement_count_status,

        
    SAFE_CAST(NULLIF(TRIM(participation_count), '') AS INT64)  as participation_count,
        
    CASE
        WHEN participation_count IS NULL OR TRIM(participation_count) = '' THEN 'missing'
        WHEN SAFE_CAST(TRIM(participation_count) AS FLOAT64) IS NOT NULL THEN 'published'
        WHEN LOWER(TRIM(participation_count)) = 'low' THEN 'suppressed_low'
        WHEN LOWER(TRIM(participation_count)) = 'c'   THEN 'suppressed_confidential'
        WHEN LOWER(TRIM(participation_count)) = 'z'   THEN 'not_applicable'
        ELSE 'unrecognised'
    END          as participation_count_status,

        
    SAFE_CAST(NULLIF(TRIM(starts_percent), '') AS FLOAT64)     as starts_percent,
        
    CASE
        WHEN starts_percent IS NULL OR TRIM(starts_percent) = '' THEN 'missing'
        WHEN SAFE_CAST(TRIM(starts_percent) AS FLOAT64) IS NOT NULL THEN 'published'
        WHEN LOWER(TRIM(starts_percent)) = 'low' THEN 'suppressed_low'
        WHEN LOWER(TRIM(starts_percent)) = 'c'   THEN 'suppressed_confidential'
        WHEN LOWER(TRIM(starts_percent)) = 'z'   THEN 'not_applicable'
        ELSE 'unrecognised'
    END               as starts_percent_status,

        
    SAFE_CAST(NULLIF(TRIM(achievements_percent), '') AS FLOAT64) as achievements_percent,
        
    CASE
        WHEN achievements_percent IS NULL OR TRIM(achievements_percent) = '' THEN 'missing'
        WHEN SAFE_CAST(TRIM(achievements_percent) AS FLOAT64) IS NOT NULL THEN 'published'
        WHEN LOWER(TRIM(achievements_percent)) = 'low' THEN 'suppressed_low'
        WHEN LOWER(TRIM(achievements_percent)) = 'c'   THEN 'suppressed_confidential'
        WHEN LOWER(TRIM(achievements_percent)) = 'z'   THEN 'not_applicable'
        ELSE 'unrecognised'
    END         as achievements_percent_status,

        -- ---- grain -------------------------------------------------------
        
    (
        IF(apprenticeship_level = 'Total', 1, 0)
      + IF(age_youth_adult = 'Total', 1, 0)
      + IF(age_group = 'Total', 1, 0)
      + IF(funding_type = 'Total', 1, 0)
      + IF(provider_type = 'Total', 1, 0)
    )                 as aggregation_depth

    from source

)

select
    -- Stable surrogate over the 8-part natural key. Used downstream to detect
    -- restatements between dataset versions.
    to_hex(md5(concat(
        cast(academic_year_start as string), '|',
        geographic_level, '|', coalesce(region_code, 'NA'), '|',
        apprenticeship_level, '|', age_youth_adult, '|',
        age_group, '|', funding_type, '|', provider_type
    )))                                            as row_key,

    *,
    aggregation_depth = 0                          as is_detail_grain,

    -- 2025/26 is part-year (first three quarters) and will be revised.
    academic_year_start = 2025                     as is_provisional

from typed
    );
  
[0m01:32:00.884926 [debug] [Thread-1 (]: Opening a new connection, currently in state closed
[0m01:32:01.758070 [debug] [Thread-1 (]: BigQuery adapter: https://console.cloud.google.com/bigquery?project=dfe-apprenticeships-2026&j=bq:europe-west2:17a25902-5a9f-4f38-b477-0082162aa145&page=queryresults
[0m01:32:05.071818 [debug] [Thread-1 (]: SQL status: OK in 3.313 seconds
[0m01:32:05.545349 [debug] [Thread-1 (]: Sending event: {'category': 'dbt', 'action': 'run_model', 'label': '68c3fc9f-ba94-4fd1-9955-2fe59294cf0e', 'context': [<snowplow_tracker.self_describing_json.SelfDescribingJson object at 0x12c4e3370>]}
[0m01:32:05.546132 [info ] [Thread-1 (]: 1 of 1 OK created sql table model silver_silver.stg_apprenticeships ............ [[32mCREATE TABLE (280.0k rows, 41.5 MiB processed)[0m in 4.71s]
[0m01:32:05.546798 [debug] [Thread-1 (]: Finished running node model.dfe_apprenticeships.stg_apprenticeships
[0m01:32:05.547748 [debug] [MainThread]: Opening a new connection, currently in state closed
[0m01:32:05.548413 [debug] [MainThread]: Connection 'master' was properly closed.
[0m01:32:05.548668 [debug] [MainThread]: Connection 'model.dfe_apprenticeships.stg_apprenticeships' was properly closed.
[0m01:32:05.548951 [info ] [MainThread]: 
[0m01:32:05.549216 [info ] [MainThread]: Finished running 1 table model in 0 hours 0 minutes and 6.65 seconds (6.65s).
[0m01:32:05.549778 [debug] [MainThread]: Command end result
[0m01:32:05.587433 [debug] [MainThread]: Wrote artifact WritableManifest to /Users/saitejasunku/dev/dfe-apprenticeships-pipeline/dbt/target/manifest.json
[0m01:32:05.590033 [debug] [MainThread]: Wrote artifact SemanticManifest to /Users/saitejasunku/dev/dfe-apprenticeships-pipeline/dbt/target/semantic_manifest.json
[0m01:32:05.592339 [debug] [MainThread]: Wrote artifact OsiDocument to /Users/saitejasunku/dev/dfe-apprenticeships-pipeline/dbt/target/osi_document.json
[0m01:32:05.598474 [debug] [MainThread]: Wrote artifact RunExecutionResult to /Users/saitejasunku/dev/dfe-apprenticeships-pipeline/dbt/target/run_results.json
[0m01:32:05.598770 [info ] [MainThread]: 
[0m01:32:05.599110 [info ] [MainThread]: [32mCompleted successfully[0m
[0m01:32:05.599363 [info ] [MainThread]: 
[0m01:32:05.599637 [info ] [MainThread]: Done. PASS=1 WARN=0 ERROR=0 SKIP=0 NO-OP=0 REUSED=0 TOTAL=1
[0m01:32:05.604879 [debug] [MainThread]: Resource report: {"command_name": "run", "command_success": true, "command_wall_clock_time": 8.809503, "process_in_blocks": "0", "process_kernel_time": 0.489667, "process_mem_max_rss": "239337472", "process_out_blocks": "0", "process_user_time": 2.86125}
[0m01:32:05.605349 [debug] [MainThread]: Command `dbt run` succeeded at 01:32:05.605269 after 8.81 seconds
[0m01:32:05.605698 [debug] [MainThread]: Sending event: {'category': 'dbt', 'action': 'invocation', 'label': 'end', 'context': [<snowplow_tracker.self_describing_json.SelfDescribingJson object at 0x1085dc5e0>, <snowplow_tracker.self_describing_json.SelfDescribingJson object at 0x12bac17e0>, <snowplow_tracker.self_describing_json.SelfDescribingJson object at 0x12c4dd480>]}
[0m01:32:05.606014 [debug] [MainThread]: Flushing usage events
[0m01:32:05.941280 [debug] [MainThread]: An error was encountered while trying to flush usage events
[0m01:32:19.167998 [debug] [MainThread]: Sending event: {'category': 'dbt', 'action': 'invocation', 'label': 'start', 'context': [<snowplow_tracker.self_describing_json.SelfDescribingJson object at 0x105d085b0>, <snowplow_tracker.self_describing_json.SelfDescribingJson object at 0x107105690>, <snowplow_tracker.self_describing_json.SelfDescribingJson object at 0x107105d80>]}


============================== 01:32:19.172996 | 9cb586a1-59bd-45fd-987b-f3c0ca4ad299 ==============================
[0m01:32:19.172996 [info ] [MainThread]: Running with dbt=1.12.3
[0m01:32:19.173474 [debug] [MainThread]: running dbt with arguments {'log_format': 'default', 'introspect': 'True', 'send_anonymous_usage_stats': 'True', 'use_colors': 'True', 'maximum_seed_size_mib': '1', 'use_experimental_parser': 'False', 'indirect_selection': 'eager', 'version_check': 'True', 'no_print': 'None', 'profiles_dir': '/Users/saitejasunku/dev/dfe-apprenticeships-pipeline/dbt', 'log_path': '/Users/saitejasunku/dev/dfe-apprenticeships-pipeline/dbt/logs', 'hints_enabled': 'True', 'static_parser': 'True', 'invocation_command': 'dbt run', 'warn_error': 'None', 'cache_selected_only': 'False', 'target_path': 'None', 'debug': 'False', 'partial_parse': 'True', 'log_cache_events': 'False', 'write_json': 'True', 'printer_width': '80', 'quiet': 'False', 'empty': 'False', 'fail_fast': 'False', 'warn_error_options': 'WarnErrorOptionsV2(error=[], warn=[], silence=[])'}
[0m01:32:20.051058 [debug] [MainThread]: Sending event: {'category': 'dbt', 'action': 'project_id', 'label': '9cb586a1-59bd-45fd-987b-f3c0ca4ad299', 'context': [<snowplow_tracker.self_describing_json.SelfDescribingJson object at 0x1041b2590>]}
[0m01:32:20.101404 [debug] [MainThread]: Sending event: {'category': 'dbt', 'action': 'adapter_info', 'label': '9cb586a1-59bd-45fd-987b-f3c0ca4ad299', 'context': [<snowplow_tracker.self_describing_json.SelfDescribingJson object at 0x1071074c0>]}
[0m01:32:20.102327 [info ] [MainThread]: Registered adapter: bigquery=1.12.0
[0m01:32:20.239938 [debug] [MainThread]: checksum: bb6e37aa7c22dced2fca8823c27fc430dacd6c63a1bb04c7ae77561e073a3fe6, vars: {}, profile: dfe_apprenticeships, target: dev, version: 1.12.3
[0m01:32:20.360514 [debug] [MainThread]: Partial parsing enabled: 0 files deleted, 1 files added, 0 files changed.
[0m01:32:20.361054 [debug] [MainThread]: Partial parsing: added file: dfe_apprenticeships://macros/generate_schema_name.sql
[0m01:32:20.363417 [info ] [MainThread]: Unable to do partial parsing because change detected to override macro. Starting full parse.
[0m01:32:21.442248 [warn ] [MainThread]: [[33mWARNING[0m]: Configuration paths exist in your dbt_project.yml file which do not apply to any resources.
There are 1 unused configuration paths:
- models.dfe_apprenticeships.marts
[0m01:32:21.445459 [debug] [MainThread]: Sending event: {'category': 'dbt', 'action': 'load_project', 'label': '9cb586a1-59bd-45fd-987b-f3c0ca4ad299', 'context': [<snowplow_tracker.self_describing_json.SelfDescribingJson object at 0x116e3d8d0>]}
[0m01:32:21.543953 [debug] [MainThread]: Wrote artifact WritableManifest to /Users/saitejasunku/dev/dfe-apprenticeships-pipeline/dbt/target/manifest.json
[0m01:32:21.546670 [debug] [MainThread]: Wrote artifact SemanticManifest to /Users/saitejasunku/dev/dfe-apprenticeships-pipeline/dbt/target/semantic_manifest.json
[0m01:32:21.557955 [debug] [MainThread]: Wrote artifact OsiDocument to /Users/saitejasunku/dev/dfe-apprenticeships-pipeline/dbt/target/osi_document.json
[0m01:32:21.564482 [debug] [MainThread]: Sending event: {'category': 'dbt', 'action': 'resource_counts', 'label': '9cb586a1-59bd-45fd-987b-f3c0ca4ad299', 'context': [<snowplow_tracker.self_describing_json.SelfDescribingJson object at 0x1168ae5f0>]}
[0m01:32:21.564904 [info ] [MainThread]: Found 1 model, 1 source, 565 macros
[0m01:32:21.565191 [debug] [MainThread]: Sending event: {'category': 'dbt', 'action': 'runnable_timing', 'label': '9cb586a1-59bd-45fd-987b-f3c0ca4ad299', 'context': [<snowplow_tracker.self_describing_json.SelfDescribingJson object at 0x1168af370>]}
[0m01:32:21.566330 [info ] [MainThread]: 
[0m01:32:21.566631 [info ] [MainThread]: Concurrency: 4 threads (target='dev')
[0m01:32:21.566868 [info ] [MainThread]: 
[0m01:32:21.567277 [debug] [MainThread]: Acquiring new bigquery connection 'master'
[0m01:32:21.568087 [debug] [ThreadPool]: Acquiring new bigquery connection 'list_dfe-apprenticeships-2026'
[0m01:32:21.568491 [debug] [ThreadPool]: Opening a new connection, currently in state init
[0m01:32:22.666848 [debug] [ThreadPool]: Re-using an available connection from the pool (formerly list_dfe-apprenticeships-2026, now list_dfe-apprenticeships-2026_silver)
[0m01:32:22.668053 [debug] [ThreadPool]: Opening a new connection, currently in state closed
[0m01:32:23.375362 [debug] [MainThread]: Sending event: {'category': 'dbt', 'action': 'runnable_timing', 'label': '9cb586a1-59bd-45fd-987b-f3c0ca4ad299', 'context': [<snowplow_tracker.self_describing_json.SelfDescribingJson object at 0x1168acb80>]}
[0m01:32:23.376845 [debug] [MainThread]: Opening a new connection, currently in state init
[0m01:32:23.381763 [debug] [Thread-1 (]: Began running node model.dfe_apprenticeships.stg_apprenticeships
[0m01:32:23.382795 [info ] [Thread-1 (]: 1 of 1 START sql table model silver.stg_apprenticeships ........................ [RUN]
[0m01:32:23.383584 [debug] [Thread-1 (]: Re-using an available connection from the pool (formerly list_dfe-apprenticeships-2026_silver, now model.dfe_apprenticeships.stg_apprenticeships)
[0m01:32:23.384032 [debug] [Thread-1 (]: Began compiling node model.dfe_apprenticeships.stg_apprenticeships
[0m01:32:23.396180 [debug] [Thread-1 (]: Writing injected SQL for node "model.dfe_apprenticeships.stg_apprenticeships"
[0m01:32:23.397596 [debug] [Thread-1 (]: Began executing node model.dfe_apprenticeships.stg_apprenticeships
[0m01:32:23.437275 [debug] [Thread-1 (]: Writing runtime sql for node "model.dfe_apprenticeships.stg_apprenticeships"
[0m01:32:23.438649 [debug] [Thread-1 (]: On model.dfe_apprenticeships.stg_apprenticeships: /* {"app": "dbt", "dbt_version": "1.12.3", "profile_name": "dfe_apprenticeships", "target_name": "dev", "node_id": "model.dfe_apprenticeships.stg_apprenticeships"} */

  
    

    create or replace table `dfe-apprenticeships-2026`.`silver`.`stg_apprenticeships`
      
    partition by range_bucket(
            academic_year_start,
            generate_array(2017, 2030, 1)
        )
    cluster by dataset_version, region_code, apprenticeship_level

    
    OPTIONS()
    as (
      

/*
  Silver: typed, suppression-aware, one row per natural key per dataset version.

  Three things happen here and nowhere else:
    1. Each measure splits into a typed value + a status code (see macros).
    2. `aggregation_depth` is derived so downstream models can avoid the
       subtotal double-count trap.
    3. `time_period` (202425) becomes a usable year pair.
*/

with source as (

    select * from `dfe-apprenticeships-2026`.`bronze`.`raw_apprenticeships`

),

typed as (

    select
        -- ---- lineage -----------------------------------------------------
        version                                   as dataset_version,
        -- hive AUTO partitioning already infers this as DATE
        ingest_date                               as ingested_date,

        -- ---- time --------------------------------------------------------
        -- '202425' -> 2024 (start) / 2025 (end), label '2024/25'
        cast(substr(time_period, 1, 4) as int64)  as academic_year_start,
        cast(substr(time_period, 1, 4) as int64) + 1 as academic_year_end,
        concat(substr(time_period, 1, 4), '/', substr(time_period, 5, 2))
                                                  as academic_year_label,
        time_identifier,

        -- ---- geography ---------------------------------------------------
        geographic_level,
        country_code,
        country_name,
        nullif(region_code, '')                   as region_code,
        nullif(region_name, '')                   as region_name,

        -- ---- filter dimensions -------------------------------------------
        apprenticeship_level,
        age_youth_adult,
        age_group,
        funding_type,
        provider_type,

        -- ---- measures: value + why-it-is-null ----------------------------
        
    SAFE_CAST(NULLIF(TRIM(start_count), '') AS INT64)          as start_count,
        
    CASE
        WHEN start_count IS NULL OR TRIM(start_count) = '' THEN 'missing'
        WHEN SAFE_CAST(TRIM(start_count) AS FLOAT64) IS NOT NULL THEN 'published'
        WHEN LOWER(TRIM(start_count)) = 'low' THEN 'suppressed_low'
        WHEN LOWER(TRIM(start_count)) = 'c'   THEN 'suppressed_confidential'
        WHEN LOWER(TRIM(start_count)) = 'z'   THEN 'not_applicable'
        ELSE 'unrecognised'
    END                  as start_count_status,

        
    SAFE_CAST(NULLIF(TRIM(achievement_count), '') AS INT64)    as achievement_count,
        
    CASE
        WHEN achievement_count IS NULL OR TRIM(achievement_count) = '' THEN 'missing'
        WHEN SAFE_CAST(TRIM(achievement_count) AS FLOAT64) IS NOT NULL THEN 'published'
        WHEN LOWER(TRIM(achievement_count)) = 'low' THEN 'suppressed_low'
        WHEN LOWER(TRIM(achievement_count)) = 'c'   THEN 'suppressed_confidential'
        WHEN LOWER(TRIM(achievement_count)) = 'z'   THEN 'not_applicable'
        ELSE 'unrecognised'
    END            as achievement_count_status,

        
    SAFE_CAST(NULLIF(TRIM(participation_count), '') AS INT64)  as participation_count,
        
    CASE
        WHEN participation_count IS NULL OR TRIM(participation_count) = '' THEN 'missing'
        WHEN SAFE_CAST(TRIM(participation_count) AS FLOAT64) IS NOT NULL THEN 'published'
        WHEN LOWER(TRIM(participation_count)) = 'low' THEN 'suppressed_low'
        WHEN LOWER(TRIM(participation_count)) = 'c'   THEN 'suppressed_confidential'
        WHEN LOWER(TRIM(participation_count)) = 'z'   THEN 'not_applicable'
        ELSE 'unrecognised'
    END          as participation_count_status,

        
    SAFE_CAST(NULLIF(TRIM(starts_percent), '') AS FLOAT64)     as starts_percent,
        
    CASE
        WHEN starts_percent IS NULL OR TRIM(starts_percent) = '' THEN 'missing'
        WHEN SAFE_CAST(TRIM(starts_percent) AS FLOAT64) IS NOT NULL THEN 'published'
        WHEN LOWER(TRIM(starts_percent)) = 'low' THEN 'suppressed_low'
        WHEN LOWER(TRIM(starts_percent)) = 'c'   THEN 'suppressed_confidential'
        WHEN LOWER(TRIM(starts_percent)) = 'z'   THEN 'not_applicable'
        ELSE 'unrecognised'
    END               as starts_percent_status,

        
    SAFE_CAST(NULLIF(TRIM(achievements_percent), '') AS FLOAT64) as achievements_percent,
        
    CASE
        WHEN achievements_percent IS NULL OR TRIM(achievements_percent) = '' THEN 'missing'
        WHEN SAFE_CAST(TRIM(achievements_percent) AS FLOAT64) IS NOT NULL THEN 'published'
        WHEN LOWER(TRIM(achievements_percent)) = 'low' THEN 'suppressed_low'
        WHEN LOWER(TRIM(achievements_percent)) = 'c'   THEN 'suppressed_confidential'
        WHEN LOWER(TRIM(achievements_percent)) = 'z'   THEN 'not_applicable'
        ELSE 'unrecognised'
    END         as achievements_percent_status,

        -- ---- grain -------------------------------------------------------
        
    (
        IF(apprenticeship_level = 'Total', 1, 0)
      + IF(age_youth_adult = 'Total', 1, 0)
      + IF(age_group = 'Total', 1, 0)
      + IF(funding_type = 'Total', 1, 0)
      + IF(provider_type = 'Total', 1, 0)
    )                 as aggregation_depth

    from source

)

select
    -- Stable surrogate over the 8-part natural key. Used downstream to detect
    -- restatements between dataset versions.
    to_hex(md5(concat(
        cast(academic_year_start as string), '|',
        geographic_level, '|', coalesce(region_code, 'NA'), '|',
        apprenticeship_level, '|', age_youth_adult, '|',
        age_group, '|', funding_type, '|', provider_type
    )))                                            as row_key,

    *,
    aggregation_depth = 0                          as is_detail_grain,

    -- 2025/26 is part-year (first three quarters) and will be revised.
    academic_year_start = 2025                     as is_provisional

from typed
    );
  
[0m01:32:23.439296 [debug] [Thread-1 (]: Opening a new connection, currently in state closed
[0m01:32:24.081243 [debug] [Thread-1 (]: BigQuery adapter: https://console.cloud.google.com/bigquery?project=dfe-apprenticeships-2026&j=bq:europe-west2:ab045186-897e-46e3-bc83-d3cdff71a79e&page=queryresults
[0m01:32:26.786612 [debug] [Thread-1 (]: SQL status: OK in 2.704 seconds
[0m01:32:27.123056 [debug] [Thread-1 (]: Sending event: {'category': 'dbt', 'action': 'run_model', 'label': '9cb586a1-59bd-45fd-987b-f3c0ca4ad299', 'context': [<snowplow_tracker.self_describing_json.SelfDescribingJson object at 0x1162c2b30>]}
[0m01:32:27.123835 [info ] [Thread-1 (]: 1 of 1 OK created sql table model silver.stg_apprenticeships ................... [[32mCREATE TABLE (280.0k rows, 41.5 MiB processed)[0m in 3.74s]
[0m01:32:27.124379 [debug] [Thread-1 (]: Finished running node model.dfe_apprenticeships.stg_apprenticeships
[0m01:32:27.125448 [debug] [MainThread]: Opening a new connection, currently in state closed
[0m01:32:27.126126 [debug] [MainThread]: Connection 'master' was properly closed.
[0m01:32:27.126395 [debug] [MainThread]: Connection 'model.dfe_apprenticeships.stg_apprenticeships' was properly closed.
[0m01:32:27.126679 [info ] [MainThread]: 
[0m01:32:27.126949 [info ] [MainThread]: Finished running 1 table model in 0 hours 0 minutes and 5.56 seconds (5.56s).
[0m01:32:27.127518 [debug] [MainThread]: Command end result
[0m01:32:27.164986 [debug] [MainThread]: Wrote artifact WritableManifest to /Users/saitejasunku/dev/dfe-apprenticeships-pipeline/dbt/target/manifest.json
[0m01:32:27.167741 [debug] [MainThread]: Wrote artifact SemanticManifest to /Users/saitejasunku/dev/dfe-apprenticeships-pipeline/dbt/target/semantic_manifest.json
[0m01:32:27.170350 [debug] [MainThread]: Wrote artifact OsiDocument to /Users/saitejasunku/dev/dfe-apprenticeships-pipeline/dbt/target/osi_document.json
[0m01:32:27.176307 [debug] [MainThread]: Wrote artifact RunExecutionResult to /Users/saitejasunku/dev/dfe-apprenticeships-pipeline/dbt/target/run_results.json
[0m01:32:27.176576 [info ] [MainThread]: 
[0m01:32:27.176893 [info ] [MainThread]: [32mCompleted successfully[0m
[0m01:32:27.177139 [info ] [MainThread]: 
[0m01:32:27.177416 [info ] [MainThread]: Done. PASS=1 WARN=0 ERROR=0 SKIP=0 NO-OP=0 REUSED=0 TOTAL=1
[0m01:32:27.181622 [debug] [MainThread]: Resource report: {"command_name": "run", "command_success": true, "command_wall_clock_time": 8.090081, "process_in_blocks": "0", "process_kernel_time": 0.382721, "process_mem_max_rss": "243613696", "process_out_blocks": "0", "process_user_time": 3.541307}
[0m01:32:27.182000 [debug] [MainThread]: Command `dbt run` succeeded at 01:32:27.181934 after 8.09 seconds
[0m01:32:27.182316 [debug] [MainThread]: Sending event: {'category': 'dbt', 'action': 'invocation', 'label': 'end', 'context': [<snowplow_tracker.self_describing_json.SelfDescribingJson object at 0x105d085b0>, <snowplow_tracker.self_describing_json.SelfDescribingJson object at 0x116a4e050>, <snowplow_tracker.self_describing_json.SelfDescribingJson object at 0x1162c2b30>]}
[0m01:32:27.182617 [debug] [MainThread]: Flushing usage events
[0m01:32:27.579083 [debug] [MainThread]: An error was encountered while trying to flush usage events
[0m01:33:43.637709 [debug] [MainThread]: Sending event: {'category': 'dbt', 'action': 'invocation', 'label': 'start', 'context': [<snowplow_tracker.self_describing_json.SelfDescribingJson object at 0x1042444f0>, <snowplow_tracker.self_describing_json.SelfDescribingJson object at 0x105645180>, <snowplow_tracker.self_describing_json.SelfDescribingJson object at 0x1056458a0>]}


============================== 01:33:43.642643 | 7c4eecee-5209-4e84-8b6b-4a35da586672 ==============================
[0m01:33:43.642643 [info ] [MainThread]: Running with dbt=1.12.3
[0m01:33:43.643110 [debug] [MainThread]: running dbt with arguments {'version_check': 'True', 'partial_parse': 'True', 'log_format': 'default', 'indirect_selection': 'eager', 'log_path': 'dbt/logs', 'send_anonymous_usage_stats': 'True', 'no_print': 'None', 'warn_error': 'None', 'empty': 'False', 'profiles_dir': 'dbt', 'maximum_seed_size_mib': '1', 'debug': 'False', 'warn_error_options': 'WarnErrorOptionsV2(error=[], warn=[], silence=[])', 'invocation_command': 'dbt seed --project-dir dbt --profiles-dir dbt', 'quiet': 'False', 'hints_enabled': 'True', 'static_parser': 'True', 'cache_selected_only': 'False', 'log_cache_events': 'False', 'target_path': 'None', 'use_experimental_parser': 'False', 'use_colors': 'True', 'write_json': 'True', 'printer_width': '80', 'introspect': 'True', 'fail_fast': 'False'}
[0m01:33:44.898302 [debug] [MainThread]: Sending event: {'category': 'dbt', 'action': 'project_id', 'label': '7c4eecee-5209-4e84-8b6b-4a35da586672', 'context': [<snowplow_tracker.self_describing_json.SelfDescribingJson object at 0x117827490>]}
[0m01:33:44.948321 [debug] [MainThread]: Sending event: {'category': 'dbt', 'action': 'adapter_info', 'label': '7c4eecee-5209-4e84-8b6b-4a35da586672', 'context': [<snowplow_tracker.self_describing_json.SelfDescribingJson object at 0x105594910>]}
[0m01:33:44.949088 [info ] [MainThread]: Registered adapter: bigquery=1.12.0
[0m01:33:45.095250 [debug] [MainThread]: checksum: bb6e37aa7c22dced2fca8823c27fc430dacd6c63a1bb04c7ae77561e073a3fe6, vars: {}, profile: dfe_apprenticeships, target: dev, version: 1.12.3
[0m01:33:45.194170 [info ] [MainThread]: Unable to do partial parsing because a project config has changed
[0m01:33:45.194707 [debug] [MainThread]: Sending event: {'category': 'dbt', 'action': 'partial_parser', 'label': '7c4eecee-5209-4e84-8b6b-4a35da586672', 'context': [<snowplow_tracker.self_describing_json.SelfDescribingJson object at 0x104a53a00>]}
[0m01:33:46.434953 [warn ] [MainThread]: [[33mWARNING[0m]: Configuration paths exist in your dbt_project.yml file which do not apply to any resources.
There are 1 unused configuration paths:
- models.dfe_apprenticeships.marts
[0m01:33:46.438354 [debug] [MainThread]: Sending event: {'category': 'dbt', 'action': 'load_project', 'label': '7c4eecee-5209-4e84-8b6b-4a35da586672', 'context': [<snowplow_tracker.self_describing_json.SelfDescribingJson object at 0x120887100>]}
[0m01:33:46.546386 [debug] [MainThread]: Wrote artifact WritableManifest to dbt/target/manifest.json
[0m01:33:46.549351 [debug] [MainThread]: Wrote artifact SemanticManifest to dbt/target/semantic_manifest.json
[0m01:33:46.564649 [debug] [MainThread]: Wrote artifact OsiDocument to dbt/target/osi_document.json
[0m01:33:46.573115 [debug] [MainThread]: Sending event: {'category': 'dbt', 'action': 'resource_counts', 'label': '7c4eecee-5209-4e84-8b6b-4a35da586672', 'context': [<snowplow_tracker.self_describing_json.SelfDescribingJson object at 0x120a95240>]}
[0m01:33:46.573583 [info ] [MainThread]: Found 1 model, 1 seed, 1 source, 565 macros
[0m01:33:46.573863 [debug] [MainThread]: Sending event: {'category': 'dbt', 'action': 'runnable_timing', 'label': '7c4eecee-5209-4e84-8b6b-4a35da586672', 'context': [<snowplow_tracker.self_describing_json.SelfDescribingJson object at 0x120a963e0>]}
[0m01:33:46.574990 [info ] [MainThread]: 
[0m01:33:46.575271 [info ] [MainThread]: Concurrency: 4 threads (target='dev')
[0m01:33:46.575496 [info ] [MainThread]: 
[0m01:33:46.575906 [debug] [MainThread]: Acquiring new bigquery connection 'master'
[0m01:33:46.576619 [debug] [ThreadPool]: Acquiring new bigquery connection 'list_dfe-apprenticeships-2026'
[0m01:33:46.576941 [debug] [ThreadPool]: Opening a new connection, currently in state init
[0m01:33:47.817353 [debug] [ThreadPool]: Re-using an available connection from the pool (formerly list_dfe-apprenticeships-2026, now list_dfe-apprenticeships-2026_silver)
[0m01:33:47.818637 [debug] [ThreadPool]: Opening a new connection, currently in state closed
[0m01:33:48.460846 [debug] [MainThread]: Sending event: {'category': 'dbt', 'action': 'runnable_timing', 'label': '7c4eecee-5209-4e84-8b6b-4a35da586672', 'context': [<snowplow_tracker.self_describing_json.SelfDescribingJson object at 0x11780de70>]}
[0m01:33:48.462246 [debug] [MainThread]: Opening a new connection, currently in state init
[0m01:33:48.467981 [debug] [Thread-1 (]: Began running node seed.dfe_apprenticeships.dataset_versions
[0m01:33:48.469035 [info ] [Thread-1 (]: 1 of 1 START seed file silver.dataset_versions ................................. [RUN]
[0m01:33:48.470048 [debug] [Thread-1 (]: Re-using an available connection from the pool (formerly list_dfe-apprenticeships-2026_silver, now seed.dfe_apprenticeships.dataset_versions)
[0m01:33:48.470622 [debug] [Thread-1 (]: Began compiling node seed.dfe_apprenticeships.dataset_versions
[0m01:33:48.471119 [debug] [Thread-1 (]: Began executing node seed.dfe_apprenticeships.dataset_versions
[0m01:33:48.542003 [debug] [Thread-1 (]: Opening a new connection, currently in state closed
[0m01:33:54.614706 [debug] [Thread-1 (]: On seed.dfe_apprenticeships.dataset_versions: /* {"app": "dbt", "dbt_version": "1.12.3", "profile_name": "dfe_apprenticeships", "target_name": "dev", "node_id": "seed.dfe_apprenticeships.dataset_versions"} */

    alter table `dfe-apprenticeships-2026`.`silver`.`dataset_versions` set OPTIONS()
  
[0m01:33:55.166316 [debug] [Thread-1 (]: BigQuery adapter: https://console.cloud.google.com/bigquery?project=dfe-apprenticeships-2026&j=bq:europe-west2:bea9c444-835a-4901-9d09-4024d447861c&page=queryresults
[0m01:33:55.674231 [debug] [Thread-1 (]: SQL status: OK in 0.507 seconds
[0m01:33:55.683604 [debug] [Thread-1 (]: Writing runtime SQL for node "seed.dfe_apprenticeships.dataset_versions"
[0m01:33:55.710973 [debug] [Thread-1 (]: Sending event: {'category': 'dbt', 'action': 'run_model', 'label': '7c4eecee-5209-4e84-8b6b-4a35da586672', 'context': [<snowplow_tracker.self_describing_json.SelfDescribingJson object at 0x102648640>]}
[0m01:33:55.711799 [info ] [Thread-1 (]: 1 of 1 OK loaded seed file silver.dataset_versions ............................. [[32mINSERT 6[0m in 7.24s]
[0m01:33:55.712313 [debug] [Thread-1 (]: Finished running node seed.dfe_apprenticeships.dataset_versions
[0m01:33:55.713304 [debug] [MainThread]: Opening a new connection, currently in state closed
[0m01:33:55.713955 [debug] [MainThread]: Connection 'master' was properly closed.
[0m01:33:55.714207 [debug] [MainThread]: Connection 'seed.dfe_apprenticeships.dataset_versions' was properly closed.
[0m01:33:55.714497 [info ] [MainThread]: 
[0m01:33:55.714769 [info ] [MainThread]: Finished running 1 seed in 0 hours 0 minutes and 9.14 seconds (9.14s).
[0m01:33:55.715331 [debug] [MainThread]: Command end result
[0m01:33:55.754755 [debug] [MainThread]: Wrote artifact WritableManifest to dbt/target/manifest.json
[0m01:33:55.757598 [debug] [MainThread]: Wrote artifact SemanticManifest to dbt/target/semantic_manifest.json
[0m01:33:55.759781 [debug] [MainThread]: Wrote artifact OsiDocument to dbt/target/osi_document.json
[0m01:33:55.765478 [debug] [MainThread]: Wrote artifact RunExecutionResult to dbt/target/run_results.json
[0m01:33:55.765733 [info ] [MainThread]: 
[0m01:33:55.766056 [info ] [MainThread]: [32mCompleted successfully[0m
[0m01:33:55.766290 [info ] [MainThread]: 
[0m01:33:55.766559 [info ] [MainThread]: Done. PASS=1 WARN=0 ERROR=0 SKIP=0 NO-OP=0 REUSED=0 TOTAL=1
[0m01:33:55.771987 [debug] [MainThread]: Resource report: {"command_name": "seed", "command_success": true, "command_wall_clock_time": 12.21264, "process_in_blocks": "0", "process_kernel_time": 0.502732, "process_mem_max_rss": "247136256", "process_out_blocks": "0", "process_user_time": 3.729814}
[0m01:33:55.772477 [debug] [MainThread]: Command `dbt seed` succeeded at 01:33:55.772401 after 12.21 seconds
[0m01:33:55.772820 [debug] [MainThread]: Sending event: {'category': 'dbt', 'action': 'invocation', 'label': 'end', 'context': [<snowplow_tracker.self_describing_json.SelfDescribingJson object at 0x1042444f0>, <snowplow_tracker.self_describing_json.SelfDescribingJson object at 0x1055b4070>, <snowplow_tracker.self_describing_json.SelfDescribingJson object at 0x117827490>]}
[0m01:33:55.773138 [debug] [MainThread]: Flushing usage events
[0m01:33:56.190819 [debug] [MainThread]: An error was encountered while trying to flush usage events
[0m01:34:23.789728 [debug] [MainThread]: Sending event: {'category': 'dbt', 'action': 'invocation', 'label': 'start', 'context': [<snowplow_tracker.self_describing_json.SelfDescribingJson object at 0x1097ec580>, <snowplow_tracker.self_describing_json.SelfDescribingJson object at 0x10afed690>, <snowplow_tracker.self_describing_json.SelfDescribingJson object at 0x10afeddb0>]}


============================== 01:34:23.794393 | 6649af11-afde-4697-adb3-5304c831f111 ==============================
[0m01:34:23.794393 [info ] [MainThread]: Running with dbt=1.12.3
[0m01:34:23.794877 [debug] [MainThread]: running dbt with arguments {'send_anonymous_usage_stats': 'True', 'quiet': 'False', 'warn_error_options': 'WarnErrorOptionsV2(error=[], warn=[], silence=[])', 'maximum_seed_size_mib': '1', 'debug': 'False', 'use_experimental_parser': 'False', 'log_cache_events': 'False', 'version_check': 'True', 'profiles_dir': '/Users/saitejasunku/dev/dfe-apprenticeships-pipeline/dbt', 'invocation_command': 'dbt run', 'hints_enabled': 'True', 'fail_fast': 'False', 'log_format': 'default', 'use_colors': 'True', 'write_json': 'True', 'log_path': '/Users/saitejasunku/dev/dfe-apprenticeships-pipeline/dbt/logs', 'partial_parse': 'True', 'no_print': 'None', 'cache_selected_only': 'False', 'introspect': 'True', 'target_path': 'None', 'printer_width': '80', 'static_parser': 'True', 'empty': 'False', 'warn_error': 'None', 'indirect_selection': 'eager'}
[0m01:34:24.702497 [debug] [MainThread]: Sending event: {'category': 'dbt', 'action': 'project_id', 'label': '6649af11-afde-4697-adb3-5304c831f111', 'context': [<snowplow_tracker.self_describing_json.SelfDescribingJson object at 0x1099f32b0>]}
[0m01:34:24.753886 [debug] [MainThread]: Sending event: {'category': 'dbt', 'action': 'adapter_info', 'label': '6649af11-afde-4697-adb3-5304c831f111', 'context': [<snowplow_tracker.self_describing_json.SelfDescribingJson object at 0x10afef4f0>]}
[0m01:34:24.754718 [info ] [MainThread]: Registered adapter: bigquery=1.12.0
[0m01:34:24.895566 [debug] [MainThread]: checksum: bb6e37aa7c22dced2fca8823c27fc430dacd6c63a1bb04c7ae77561e073a3fe6, vars: {}, profile: dfe_apprenticeships, target: dev, version: 1.12.3
[0m01:34:25.033919 [debug] [MainThread]: Partial parsing enabled: 0 files deleted, 1 files added, 0 files changed.
[0m01:34:25.034602 [debug] [MainThread]: Partial parsing: added file: dfe_apprenticeships://models/marts/fct_apprenticeship_headline.sql
[0m01:34:25.351817 [debug] [MainThread]: Sending event: {'category': 'dbt', 'action': 'load_project', 'label': '6649af11-afde-4697-adb3-5304c831f111', 'context': [<snowplow_tracker.self_describing_json.SelfDescribingJson object at 0x12948b3a0>]}
[0m01:34:25.470720 [debug] [MainThread]: Wrote artifact WritableManifest to /Users/saitejasunku/dev/dfe-apprenticeships-pipeline/dbt/target/manifest.json
[0m01:34:25.473437 [debug] [MainThread]: Wrote artifact SemanticManifest to /Users/saitejasunku/dev/dfe-apprenticeships-pipeline/dbt/target/semantic_manifest.json
[0m01:34:25.484580 [debug] [MainThread]: Wrote artifact OsiDocument to /Users/saitejasunku/dev/dfe-apprenticeships-pipeline/dbt/target/osi_document.json
[0m01:34:25.491252 [debug] [MainThread]: Sending event: {'category': 'dbt', 'action': 'resource_counts', 'label': '6649af11-afde-4697-adb3-5304c831f111', 'context': [<snowplow_tracker.self_describing_json.SelfDescribingJson object at 0x12a9b6380>]}
[0m01:34:25.491670 [info ] [MainThread]: Found 2 models, 1 seed, 1 source, 565 macros
[0m01:34:25.491950 [debug] [MainThread]: Sending event: {'category': 'dbt', 'action': 'runnable_timing', 'label': '6649af11-afde-4697-adb3-5304c831f111', 'context': [<snowplow_tracker.self_describing_json.SelfDescribingJson object at 0x12a9b7d00>]}
[0m01:34:25.493127 [info ] [MainThread]: 
[0m01:34:25.493414 [info ] [MainThread]: Concurrency: 4 threads (target='dev')
[0m01:34:25.493653 [info ] [MainThread]: 
[0m01:34:25.494104 [debug] [MainThread]: Acquiring new bigquery connection 'master'
[0m01:34:25.497748 [debug] [ThreadPool]: Acquiring new bigquery connection 'list_dfe-apprenticeships-2026'
[0m01:34:25.498125 [debug] [ThreadPool]: Opening a new connection, currently in state init
[0m01:34:25.498541 [debug] [ThreadPool]: Acquiring new bigquery connection 'list_dfe-apprenticeships-2026'
[0m01:34:25.499015 [debug] [ThreadPool]: Opening a new connection, currently in state init
[0m01:34:27.027587 [debug] [ThreadPool]: Re-using an available connection from the pool (formerly list_dfe-apprenticeships-2026, now list_dfe-apprenticeships-2026_gold)
[0m01:34:27.028932 [debug] [ThreadPool]: Re-using an available connection from the pool (formerly list_dfe-apprenticeships-2026, now list_dfe-apprenticeships-2026_silver)
[0m01:34:27.029686 [debug] [ThreadPool]: Opening a new connection, currently in state closed
[0m01:34:27.030139 [debug] [ThreadPool]: Opening a new connection, currently in state closed
[0m01:34:27.728457 [debug] [MainThread]: Sending event: {'category': 'dbt', 'action': 'runnable_timing', 'label': '6649af11-afde-4697-adb3-5304c831f111', 'context': [<snowplow_tracker.self_describing_json.SelfDescribingJson object at 0x12940de10>]}
[0m01:34:27.729834 [debug] [MainThread]: Opening a new connection, currently in state init
[0m01:34:27.736082 [debug] [Thread-1 (]: Began running node model.dfe_apprenticeships.stg_apprenticeships
[0m01:34:27.737256 [info ] [Thread-1 (]: 1 of 2 START sql table model silver.stg_apprenticeships ........................ [RUN]
[0m01:34:27.738018 [debug] [Thread-1 (]: Re-using an available connection from the pool (formerly list_dfe-apprenticeships-2026_gold, now model.dfe_apprenticeships.stg_apprenticeships)
[0m01:34:27.738471 [debug] [Thread-1 (]: Began compiling node model.dfe_apprenticeships.stg_apprenticeships
[0m01:34:27.753347 [debug] [Thread-1 (]: Writing injected SQL for node "model.dfe_apprenticeships.stg_apprenticeships"
[0m01:34:27.754317 [debug] [Thread-1 (]: Began executing node model.dfe_apprenticeships.stg_apprenticeships
[0m01:34:27.773125 [debug] [Thread-1 (]: Opening a new connection, currently in state closed
[0m01:34:28.223097 [debug] [Thread-1 (]: Writing runtime sql for node "model.dfe_apprenticeships.stg_apprenticeships"
[0m01:34:28.224568 [debug] [Thread-1 (]: On model.dfe_apprenticeships.stg_apprenticeships: /* {"app": "dbt", "dbt_version": "1.12.3", "profile_name": "dfe_apprenticeships", "target_name": "dev", "node_id": "model.dfe_apprenticeships.stg_apprenticeships"} */

  
    

    create or replace table `dfe-apprenticeships-2026`.`silver`.`stg_apprenticeships`
      
    partition by range_bucket(
            academic_year_start,
            generate_array(2017, 2030, 1)
        )
    cluster by dataset_version, region_code, apprenticeship_level

    
    OPTIONS()
    as (
      

/*
  Silver: typed, suppression-aware, one row per natural key per dataset version.

  Three things happen here and nowhere else:
    1. Each measure splits into a typed value + a status code (see macros).
    2. `aggregation_depth` is derived so downstream models can avoid the
       subtotal double-count trap.
    3. `time_period` (202425) becomes a usable year pair.
*/

with source as (

    select * from `dfe-apprenticeships-2026`.`bronze`.`raw_apprenticeships`

),

typed as (

    select
        -- ---- lineage -----------------------------------------------------
        version                                   as dataset_version,
        -- hive AUTO partitioning already infers this as DATE
        ingest_date                               as ingested_date,

        -- ---- time --------------------------------------------------------
        -- '202425' -> 2024 (start) / 2025 (end), label '2024/25'
        cast(substr(time_period, 1, 4) as int64)  as academic_year_start,
        cast(substr(time_period, 1, 4) as int64) + 1 as academic_year_end,
        concat(substr(time_period, 1, 4), '/', substr(time_period, 5, 2))
                                                  as academic_year_label,
        time_identifier,

        -- ---- geography ---------------------------------------------------
        geographic_level,
        country_code,
        country_name,
        nullif(region_code, '')                   as region_code,
        nullif(region_name, '')                   as region_name,

        -- ---- filter dimensions -------------------------------------------
        apprenticeship_level,
        age_youth_adult,
        age_group,
        funding_type,
        provider_type,

        -- ---- measures: value + why-it-is-null ----------------------------
        
    SAFE_CAST(NULLIF(TRIM(start_count), '') AS INT64)          as start_count,
        
    CASE
        WHEN start_count IS NULL OR TRIM(start_count) = '' THEN 'missing'
        WHEN SAFE_CAST(TRIM(start_count) AS FLOAT64) IS NOT NULL THEN 'published'
        WHEN LOWER(TRIM(start_count)) = 'low' THEN 'suppressed_low'
        WHEN LOWER(TRIM(start_count)) = 'c'   THEN 'suppressed_confidential'
        WHEN LOWER(TRIM(start_count)) = 'z'   THEN 'not_applicable'
        ELSE 'unrecognised'
    END                  as start_count_status,

        
    SAFE_CAST(NULLIF(TRIM(achievement_count), '') AS INT64)    as achievement_count,
        
    CASE
        WHEN achievement_count IS NULL OR TRIM(achievement_count) = '' THEN 'missing'
        WHEN SAFE_CAST(TRIM(achievement_count) AS FLOAT64) IS NOT NULL THEN 'published'
        WHEN LOWER(TRIM(achievement_count)) = 'low' THEN 'suppressed_low'
        WHEN LOWER(TRIM(achievement_count)) = 'c'   THEN 'suppressed_confidential'
        WHEN LOWER(TRIM(achievement_count)) = 'z'   THEN 'not_applicable'
        ELSE 'unrecognised'
    END            as achievement_count_status,

        
    SAFE_CAST(NULLIF(TRIM(participation_count), '') AS INT64)  as participation_count,
        
    CASE
        WHEN participation_count IS NULL OR TRIM(participation_count) = '' THEN 'missing'
        WHEN SAFE_CAST(TRIM(participation_count) AS FLOAT64) IS NOT NULL THEN 'published'
        WHEN LOWER(TRIM(participation_count)) = 'low' THEN 'suppressed_low'
        WHEN LOWER(TRIM(participation_count)) = 'c'   THEN 'suppressed_confidential'
        WHEN LOWER(TRIM(participation_count)) = 'z'   THEN 'not_applicable'
        ELSE 'unrecognised'
    END          as participation_count_status,

        
    SAFE_CAST(NULLIF(TRIM(starts_percent), '') AS FLOAT64)     as starts_percent,
        
    CASE
        WHEN starts_percent IS NULL OR TRIM(starts_percent) = '' THEN 'missing'
        WHEN SAFE_CAST(TRIM(starts_percent) AS FLOAT64) IS NOT NULL THEN 'published'
        WHEN LOWER(TRIM(starts_percent)) = 'low' THEN 'suppressed_low'
        WHEN LOWER(TRIM(starts_percent)) = 'c'   THEN 'suppressed_confidential'
        WHEN LOWER(TRIM(starts_percent)) = 'z'   THEN 'not_applicable'
        ELSE 'unrecognised'
    END               as starts_percent_status,

        
    SAFE_CAST(NULLIF(TRIM(achievements_percent), '') AS FLOAT64) as achievements_percent,
        
    CASE
        WHEN achievements_percent IS NULL OR TRIM(achievements_percent) = '' THEN 'missing'
        WHEN SAFE_CAST(TRIM(achievements_percent) AS FLOAT64) IS NOT NULL THEN 'published'
        WHEN LOWER(TRIM(achievements_percent)) = 'low' THEN 'suppressed_low'
        WHEN LOWER(TRIM(achievements_percent)) = 'c'   THEN 'suppressed_confidential'
        WHEN LOWER(TRIM(achievements_percent)) = 'z'   THEN 'not_applicable'
        ELSE 'unrecognised'
    END         as achievements_percent_status,

        -- ---- grain -------------------------------------------------------
        
    (
        IF(apprenticeship_level = 'Total', 1, 0)
      + IF(age_youth_adult = 'Total', 1, 0)
      + IF(age_group = 'Total', 1, 0)
      + IF(funding_type = 'Total', 1, 0)
      + IF(provider_type = 'Total', 1, 0)
    )                 as aggregation_depth

    from source

)

select
    -- Stable surrogate over the 8-part natural key. Used downstream to detect
    -- restatements between dataset versions.
    to_hex(md5(concat(
        cast(academic_year_start as string), '|',
        geographic_level, '|', coalesce(region_code, 'NA'), '|',
        apprenticeship_level, '|', age_youth_adult, '|',
        age_group, '|', funding_type, '|', provider_type
    )))                                            as row_key,

    *,
    aggregation_depth = 0                          as is_detail_grain,

    -- 2025/26 is part-year (first three quarters) and will be revised.
    academic_year_start = 2025                     as is_provisional

from typed
    );
  
[0m01:34:28.993479 [debug] [Thread-1 (]: BigQuery adapter: https://console.cloud.google.com/bigquery?project=dfe-apprenticeships-2026&j=bq:europe-west2:1b31e021-1923-44fd-b8a3-e0cdda9f2bfd&page=queryresults
[0m01:34:32.141469 [debug] [Thread-1 (]: SQL status: OK in 3.146 seconds
[0m01:34:32.522004 [debug] [Thread-1 (]: Sending event: {'category': 'dbt', 'action': 'run_model', 'label': '6649af11-afde-4697-adb3-5304c831f111', 'context': [<snowplow_tracker.self_describing_json.SelfDescribingJson object at 0x12a4ef340>]}
[0m01:34:32.522804 [info ] [Thread-1 (]: 1 of 2 OK created sql table model silver.stg_apprenticeships ................... [[32mCREATE TABLE (280.0k rows, 41.5 MiB processed)[0m in 4.78s]
[0m01:34:32.523351 [debug] [Thread-1 (]: Finished running node model.dfe_apprenticeships.stg_apprenticeships
[0m01:34:32.524143 [debug] [Thread-3 (]: Began running node model.dfe_apprenticeships.fct_apprenticeship_headline
[0m01:34:32.524562 [info ] [Thread-3 (]: 2 of 2 START sql table model gold.fct_apprenticeship_headline .................. [RUN]
[0m01:34:32.525020 [debug] [Thread-3 (]: Acquiring new bigquery connection 'model.dfe_apprenticeships.fct_apprenticeship_headline'
[0m01:34:32.525316 [debug] [Thread-3 (]: Began compiling node model.dfe_apprenticeships.fct_apprenticeship_headline
[0m01:34:32.528853 [debug] [Thread-3 (]: Writing injected SQL for node "model.dfe_apprenticeships.fct_apprenticeship_headline"
[0m01:34:32.529646 [debug] [Thread-3 (]: Began executing node model.dfe_apprenticeships.fct_apprenticeship_headline
[0m01:34:32.531854 [debug] [Thread-3 (]: Writing runtime sql for node "model.dfe_apprenticeships.fct_apprenticeship_headline"
[0m01:34:32.532759 [debug] [Thread-3 (]: On model.dfe_apprenticeships.fct_apprenticeship_headline: /* {"app": "dbt", "dbt_version": "1.12.3", "profile_name": "dfe_apprenticeships", "target_name": "dev", "node_id": "model.dfe_apprenticeships.fct_apprenticeship_headline"} */

  
    

    create or replace table `dfe-apprenticeships-2026`.`gold`.`fct_apprenticeship_headline`
      
    partition by range_bucket(
            academic_year_start,
            generate_array(2017, 2030, 1)
        )
    cluster by row_key, region_code, apprenticeship_level

    
    OPTIONS()
    as (
      

/*
  Type 2 slowly-changing fact across published dataset versions.

  The source restates history: between releases, rows are added, removed AND
  revised in place. This model collapses the six published versions into
  validity intervals so the warehouse can answer "what did DfE report as of
  version X?" rather than only "what do they say now".

  THE CRITICAL DETAIL -- the comparison is on TYPED values, never on the raw
  strings. Version 1.0.2 -> 2.0 reformatted ~4,200 values ('4' -> '4.0') with
  no change in meaning. Diffing strings would open a phantom SCD-2 record for
  every one of them. See docs/profiling/PROFILE.md, Finding 4.
*/

with base as (

    select
        s.row_key,
        v.version_seq,
        s.dataset_version,
        v.published_at,

        s.academic_year_start,
        s.academic_year_label,
        s.geographic_level,
        s.country_code,
        s.country_name,
        s.region_code,
        s.region_name,
        s.apprenticeship_level,
        s.age_youth_adult,
        s.age_group,
        s.funding_type,
        s.provider_type,
        s.aggregation_depth,
        s.is_detail_grain,
        s.is_provisional,

        s.start_count,
        s.start_count_status,
        s.achievement_count,
        s.achievement_count_status,
        s.participation_count,
        s.participation_count_status,
        s.starts_percent,
        s.starts_percent_status,
        s.achievements_percent,
        s.achievements_percent_status

    from `dfe-apprenticeships-2026`.`silver`.`stg_apprenticeships` s
    join `dfe-apprenticeships-2026`.`silver`.`dataset_versions` v
      on s.dataset_version = v.version

),

flagged as (

    select
        *,
        -- Compare typed measures plus their suppression status. A move from
        -- 'low' to a published 10 is a genuine revision and must be captured,
        -- even though both sides cast to different things.
        case
            when lag(start_count)                over w is distinct from start_count                then 1
            when lag(achievement_count)          over w is distinct from achievement_count          then 1
            when lag(participation_count)        over w is distinct from participation_count        then 1
            when lag(starts_percent)             over w is distinct from starts_percent             then 1
            when lag(achievements_percent)       over w is distinct from achievements_percent       then 1
            when lag(start_count_status)         over w is distinct from start_count_status         then 1
            when lag(achievement_count_status)   over w is distinct from achievement_count_status   then 1
            when lag(participation_count_status) over w is distinct from participation_count_status then 1
            when lag(starts_percent_status)      over w is distinct from starts_percent_status      then 1
            when lag(achievements_percent_status) over w is distinct from achievements_percent_status then 1
            else 0
        end as is_change

    from base
    window w as (partition by row_key order by version_seq)

),

grouped as (

    -- Running sum of change flags gives every unchanged run a shared id,
    -- collapsing consecutive identical versions into one SCD-2 record.
    select
        *,
        sum(is_change) over (
            partition by row_key order by version_seq
            rows between unbounded preceding and current row
        ) as validity_group
    from flagged

),

latest as (

    select max(version_seq) as max_seq from `dfe-apprenticeships-2026`.`silver`.`dataset_versions`

),

collapsed as (

    select
        row_key,
        validity_group,

        min(version_seq)      as valid_from_seq,
        max(version_seq)      as valid_to_seq,
        min(dataset_version)  as valid_from_version,
        max(dataset_version)  as valid_to_version,
        min(published_at)     as valid_from_published,

        -- dimensions are constant within a row_key
        any_value(academic_year_start)   as academic_year_start,
        any_value(academic_year_label)   as academic_year_label,
        any_value(geographic_level)      as geographic_level,
        any_value(country_code)          as country_code,
        any_value(country_name)          as country_name,
        any_value(region_code)           as region_code,
        any_value(region_name)           as region_name,
        any_value(apprenticeship_level)  as apprenticeship_level,
        any_value(age_youth_adult)       as age_youth_adult,
        any_value(age_group)             as age_group,
        any_value(funding_type)          as funding_type,
        any_value(provider_type)         as provider_type,
        any_value(aggregation_depth)     as aggregation_depth,
        any_value(is_detail_grain)       as is_detail_grain,
        any_value(is_provisional)        as is_provisional,

        -- measures are constant within a validity group by construction
        any_value(start_count)                   as start_count,
        any_value(start_count_status)            as start_count_status,
        any_value(achievement_count)             as achievement_count,
        any_value(achievement_count_status)      as achievement_count_status,
        any_value(participation_count)           as participation_count,
        any_value(participation_count_status)    as participation_count_status,
        any_value(starts_percent)                as starts_percent,
        any_value(starts_percent_status)         as starts_percent_status,
        any_value(achievements_percent)          as achievements_percent,
        any_value(achievements_percent_status)   as achievements_percent_status

    from grouped
    group by row_key, validity_group

)

select
    c.*,
    -- Current only if this record survives into the newest published version.
    -- Keys that disappeared are soft-deleted: they keep their history but are
    -- never is_current, and are never hard-deleted.
    c.valid_to_seq = l.max_seq as is_current,
    c.valid_to_seq < l.max_seq as is_soft_deleted
from collapsed c
cross join latest l
    );
  
[0m01:34:32.533649 [debug] [Thread-3 (]: Opening a new connection, currently in state init
[0m01:34:33.159867 [debug] [Thread-3 (]: BigQuery adapter: https://console.cloud.google.com/bigquery?project=dfe-apprenticeships-2026&j=bq:europe-west2:b8831880-162b-416c-9e74-96de36aa42d4&page=queryresults
[0m01:34:36.076388 [debug] [Thread-3 (]: SQL status: OK in 2.915 seconds
[0m01:34:36.328449 [debug] [Thread-3 (]: Sending event: {'category': 'dbt', 'action': 'run_model', 'label': '6649af11-afde-4697-adb3-5304c831f111', 'context': [<snowplow_tracker.self_describing_json.SelfDescribingJson object at 0x12a4ef340>]}
[0m01:34:36.329803 [info ] [Thread-3 (]: 2 of 2 OK created sql table model gold.fct_apprenticeship_headline ............. [[32mCREATE TABLE (69.6k rows, 76.6 MiB processed)[0m in 3.80s]
[0m01:34:36.330688 [debug] [Thread-3 (]: Finished running node model.dfe_apprenticeships.fct_apprenticeship_headline
[0m01:34:36.332372 [debug] [MainThread]: Opening a new connection, currently in state closed
[0m01:34:36.333671 [debug] [MainThread]: Connection 'master' was properly closed.
[0m01:34:36.334323 [debug] [MainThread]: Connection 'model.dfe_apprenticeships.stg_apprenticeships' was properly closed.
[0m01:34:36.334721 [debug] [MainThread]: Connection 'list_dfe-apprenticeships-2026_silver' was properly closed.
[0m01:34:36.335128 [debug] [MainThread]: Connection 'model.dfe_apprenticeships.fct_apprenticeship_headline' was properly closed.
[0m01:34:36.335745 [info ] [MainThread]: 
[0m01:34:36.336159 [info ] [MainThread]: Finished running 2 table models in 0 hours 0 minutes and 10.84 seconds (10.84s).
[0m01:34:36.337216 [debug] [MainThread]: Command end result
[0m01:34:36.377767 [debug] [MainThread]: Wrote artifact WritableManifest to /Users/saitejasunku/dev/dfe-apprenticeships-pipeline/dbt/target/manifest.json
[0m01:34:36.380428 [debug] [MainThread]: Wrote artifact SemanticManifest to /Users/saitejasunku/dev/dfe-apprenticeships-pipeline/dbt/target/semantic_manifest.json
[0m01:34:36.382594 [debug] [MainThread]: Wrote artifact OsiDocument to /Users/saitejasunku/dev/dfe-apprenticeships-pipeline/dbt/target/osi_document.json
[0m01:34:36.389167 [debug] [MainThread]: Wrote artifact RunExecutionResult to /Users/saitejasunku/dev/dfe-apprenticeships-pipeline/dbt/target/run_results.json
[0m01:34:36.389499 [info ] [MainThread]: 
[0m01:34:36.389833 [info ] [MainThread]: [32mCompleted successfully[0m
[0m01:34:36.390086 [info ] [MainThread]: 
[0m01:34:36.390369 [info ] [MainThread]: Done. PASS=2 WARN=0 ERROR=0 SKIP=0 NO-OP=0 REUSED=0 TOTAL=2
[0m01:34:36.394960 [debug] [MainThread]: Resource report: {"command_name": "run", "command_success": true, "command_wall_clock_time": 12.683337, "process_in_blocks": "0", "process_kernel_time": 0.444084, "process_mem_max_rss": "244727808", "process_out_blocks": "0", "process_user_time": 2.977337}
[0m01:34:36.395355 [debug] [MainThread]: Command `dbt run` succeeded at 01:34:36.395285 after 12.68 seconds
[0m01:34:36.395675 [debug] [MainThread]: Sending event: {'category': 'dbt', 'action': 'invocation', 'label': 'end', 'context': [<snowplow_tracker.self_describing_json.SelfDescribingJson object at 0x1097ec580>, <snowplow_tracker.self_describing_json.SelfDescribingJson object at 0x12a4e4ee0>, <snowplow_tracker.self_describing_json.SelfDescribingJson object at 0x12a9b6830>]}
[0m01:34:36.395986 [debug] [MainThread]: Flushing usage events
[0m01:34:36.736144 [debug] [MainThread]: An error was encountered while trying to flush usage events
[0m01:35:42.396448 [debug] [MainThread]: Sending event: {'category': 'dbt', 'action': 'invocation', 'label': 'start', 'context': [<snowplow_tracker.self_describing_json.SelfDescribingJson object at 0x112198520>, <snowplow_tracker.self_describing_json.SelfDescribingJson object at 0x11579f460>, <snowplow_tracker.self_describing_json.SelfDescribingJson object at 0x11579ed40>]}


============================== 01:35:42.400889 | aa977d51-a159-4908-a914-bbb7c32e3858 ==============================
[0m01:35:42.400889 [info ] [MainThread]: Running with dbt=1.12.3
[0m01:35:42.401463 [debug] [MainThread]: running dbt with arguments {'fail_fast': 'False', 'write_json': 'True', 'use_colors': 'True', 'warn_error_options': 'WarnErrorOptionsV2(error=[], warn=[], silence=[])', 'maximum_seed_size_mib': '1', 'no_print': 'None', 'send_anonymous_usage_stats': 'True', 'log_cache_events': 'False', 'use_experimental_parser': 'False', 'warn_error': 'None', 'introspect': 'True', 'version_check': 'True', 'target_path': 'None', 'indirect_selection': 'eager', 'empty': 'None', 'printer_width': '80', 'log_path': '/Users/saitejasunku/dev/dfe-apprenticeships-pipeline/dbt/logs', 'invocation_command': 'dbt deps --profiles-dir .', 'hints_enabled': 'True', 'debug': 'False', 'static_parser': 'True', 'log_format': 'default', 'profiles_dir': '.', 'quiet': 'False', 'cache_selected_only': 'False', 'partial_parse': 'True'}
[0m01:35:42.526152 [debug] [MainThread]: Sending event: {'category': 'dbt', 'action': 'project_id', 'label': 'aa977d51-a159-4908-a914-bbb7c32e3858', 'context': [<snowplow_tracker.self_describing_json.SelfDescribingJson object at 0x107ba2500>]}
[0m01:35:42.546356 [debug] [MainThread]: Set downloads directory='/var/folders/nz/l4n0p7xx2nvcm8t5wt0rjpxm0000gn/T/dbt-downloads-ufgxltx0'
[0m01:35:42.546934 [debug] [MainThread]: Making package index registry request: GET https://hub.getdbt.com/api/v1/index.json
[0m01:35:42.727406 [debug] [MainThread]: Response from registry index: GET https://hub.getdbt.com/api/v1/index.json 200
[0m01:35:42.729227 [debug] [MainThread]: Making package registry request: GET https://hub.getdbt.com/api/v1/dbt-labs/dbt_utils.json
[0m01:35:42.788665 [debug] [MainThread]: Response from registry: GET https://hub.getdbt.com/api/v1/dbt-labs/dbt_utils.json 200
[0m01:35:42.805672 [info ] [MainThread]: Updating lock file in file path: /Users/saitejasunku/dev/dfe-apprenticeships-pipeline/dbt/package-lock.yml
[0m01:35:42.808149 [debug] [MainThread]: Set downloads directory='/var/folders/nz/l4n0p7xx2nvcm8t5wt0rjpxm0000gn/T/dbt-downloads-5g6dqnue'
[0m01:35:42.811584 [info ] [MainThread]: Installing dbt-labs/dbt_utils
[0m01:35:43.160155 [info ] [MainThread]: Installed from version 1.4.1
[0m01:35:43.160718 [info ] [MainThread]: Up to date!
[0m01:35:43.161248 [debug] [MainThread]: Sending event: {'category': 'dbt', 'action': 'package', 'label': 'aa977d51-a159-4908-a914-bbb7c32e3858', 'property_': 'install', 'context': [<snowplow_tracker.self_describing_json.SelfDescribingJson object at 0x112450b50>, <snowplow_tracker.self_describing_json.SelfDescribingJson object at 0x115934a90>]}
[0m01:35:43.164843 [debug] [MainThread]: Resource report: {"command_name": "deps", "command_success": true, "command_wall_clock_time": 0.84768003, "process_in_blocks": "0", "process_kernel_time": 0.275626, "process_mem_max_rss": "124649472", "process_out_blocks": "0", "process_user_time": 1.374314}
[0m01:35:43.165301 [debug] [MainThread]: Command `dbt deps` succeeded at 01:35:43.165217 after 0.85 seconds
[0m01:35:43.165647 [debug] [MainThread]: Sending event: {'category': 'dbt', 'action': 'invocation', 'label': 'end', 'context': [<snowplow_tracker.self_describing_json.SelfDescribingJson object at 0x112198520>, <snowplow_tracker.self_describing_json.SelfDescribingJson object at 0x112450b50>, <snowplow_tracker.self_describing_json.SelfDescribingJson object at 0x115934a90>]}
[0m01:35:43.166073 [debug] [MainThread]: Flushing usage events
[0m01:35:43.556772 [debug] [MainThread]: An error was encountered while trying to flush usage events
[0m01:35:59.261905 [debug] [MainThread]: Sending event: {'category': 'dbt', 'action': 'invocation', 'label': 'start', 'context': [<snowplow_tracker.self_describing_json.SelfDescribingJson object at 0x1085384c0>, <snowplow_tracker.self_describing_json.SelfDescribingJson object at 0x109af96c0>, <snowplow_tracker.self_describing_json.SelfDescribingJson object at 0x109af9de0>]}


============================== 01:35:59.268733 | eb82e782-ca11-4989-af74-4e4e89b9e796 ==============================
[0m01:35:59.268733 [info ] [MainThread]: Running with dbt=1.12.3
[0m01:35:59.269309 [debug] [MainThread]: running dbt with arguments {'version_check': 'True', 'target_path': 'None', 'write_json': 'True', 'log_cache_events': 'False', 'use_colors': 'True', 'warn_error_options': 'WarnErrorOptionsV2(error=[], warn=[], silence=[])', 'indirect_selection': 'eager', 'printer_width': '80', 'profiles_dir': '/Users/saitejasunku/dev/dfe-apprenticeships-pipeline/dbt', 'static_parser': 'True', 'cache_selected_only': 'False', 'fail_fast': 'False', 'debug': 'False', 'warn_error': 'None', 'quiet': 'False', 'partial_parse': 'True', 'introspect': 'True', 'send_anonymous_usage_stats': 'True', 'invocation_command': 'dbt test', 'log_format': 'default', 'maximum_seed_size_mib': '1', 'hints_enabled': 'True', 'log_path': '/Users/saitejasunku/dev/dfe-apprenticeships-pipeline/dbt/logs', 'empty': 'None', 'use_experimental_parser': 'False', 'no_print': 'None'}
[0m01:36:00.620706 [debug] [MainThread]: Sending event: {'category': 'dbt', 'action': 'project_id', 'label': 'eb82e782-ca11-4989-af74-4e4e89b9e796', 'context': [<snowplow_tracker.self_describing_json.SelfDescribingJson object at 0x109987160>]}
[0m01:36:00.674411 [debug] [MainThread]: Sending event: {'category': 'dbt', 'action': 'adapter_info', 'label': 'eb82e782-ca11-4989-af74-4e4e89b9e796', 'context': [<snowplow_tracker.self_describing_json.SelfDescribingJson object at 0x109a4a230>]}
[0m01:36:00.675232 [info ] [MainThread]: Registered adapter: bigquery=1.12.0
[0m01:36:00.826029 [debug] [MainThread]: checksum: bb6e37aa7c22dced2fca8823c27fc430dacd6c63a1bb04c7ae77561e073a3fe6, vars: {}, profile: dfe_apprenticeships, target: dev, version: 1.12.3
[0m01:36:00.943106 [info ] [MainThread]: Unable to do partial parsing because a project dependency has been added
[0m01:36:00.943639 [debug] [MainThread]: Sending event: {'category': 'dbt', 'action': 'partial_parser', 'label': 'eb82e782-ca11-4989-af74-4e4e89b9e796', 'context': [<snowplow_tracker.self_describing_json.SelfDescribingJson object at 0x108f05ab0>]}
[0m01:36:02.512380 [warn ] [MainThread]: [[33mWARNING[0m][MissingArgumentsPropertyInGenericTestDeprecation]: Deprecated
functionality
Found top-level arguments to test `relationships` defined on
'stg_apprenticeships' in package 'dfe_apprenticeships'
(models/staging/_staging.yml). Arguments to generic tests should be nested under
the `arguments` property.
[0m01:36:02.512925 [debug] [MainThread]: Sending event: {'category': 'dbt', 'action': 'deprecation', 'label': 'eb82e782-ca11-4989-af74-4e4e89b9e796', 'property_': 'warn', 'context': [<snowplow_tracker.self_describing_json.SelfDescribingJson object at 0x1198a7070>]}
[0m01:36:02.772551 [debug] [MainThread]: Sending event: {'category': 'dbt', 'action': 'load_project', 'label': 'eb82e782-ca11-4989-af74-4e4e89b9e796', 'context': [<snowplow_tracker.self_describing_json.SelfDescribingJson object at 0x119a339d0>]}
[0m01:36:02.921270 [debug] [MainThread]: Wrote artifact WritableManifest to /Users/saitejasunku/dev/dfe-apprenticeships-pipeline/dbt/target/manifest.json
[0m01:36:02.924158 [debug] [MainThread]: Wrote artifact SemanticManifest to /Users/saitejasunku/dev/dfe-apprenticeships-pipeline/dbt/target/semantic_manifest.json
[0m01:36:02.940516 [debug] [MainThread]: Wrote artifact OsiDocument to /Users/saitejasunku/dev/dfe-apprenticeships-pipeline/dbt/target/osi_document.json
[0m01:36:02.957310 [debug] [MainThread]: Sending event: {'category': 'dbt', 'action': 'resource_counts', 'label': 'eb82e782-ca11-4989-af74-4e4e89b9e796', 'context': [<snowplow_tracker.self_describing_json.SelfDescribingJson object at 0x119a78f40>]}
[0m01:36:02.957808 [info ] [MainThread]: Found 2 models, 17 data tests, 1 seed, 1 source, 681 macros
[0m01:36:02.958102 [debug] [MainThread]: Sending event: {'category': 'dbt', 'action': 'runnable_timing', 'label': 'eb82e782-ca11-4989-af74-4e4e89b9e796', 'context': [<snowplow_tracker.self_describing_json.SelfDescribingJson object at 0x119a7a350>]}
[0m01:36:02.959926 [info ] [MainThread]: 
[0m01:36:02.960227 [info ] [MainThread]: Concurrency: 4 threads (target='dev')
[0m01:36:02.960460 [info ] [MainThread]: 
[0m01:36:02.960888 [debug] [MainThread]: Acquiring new bigquery connection 'master'
[0m01:36:02.964598 [debug] [ThreadPool]: Acquiring new bigquery connection 'list_dfe-apprenticeships-2026_silver'
[0m01:36:02.964985 [debug] [ThreadPool]: Opening a new connection, currently in state init
[0m01:36:02.965379 [debug] [ThreadPool]: Acquiring new bigquery connection 'list_dfe-apprenticeships-2026_gold'
[0m01:36:02.965966 [debug] [ThreadPool]: Opening a new connection, currently in state init
[0m01:36:04.493671 [debug] [MainThread]: Sending event: {'category': 'dbt', 'action': 'runnable_timing', 'label': 'eb82e782-ca11-4989-af74-4e4e89b9e796', 'context': [<snowplow_tracker.self_describing_json.SelfDescribingJson object at 0x118bdd8a0>]}
[0m01:36:04.494853 [debug] [MainThread]: Opening a new connection, currently in state init
[0m01:36:04.501599 [debug] [Thread-1 (]: Began running node test.dfe_apprenticeships.accepted_values_stg_apprenticeships_achievements_percent_status__published__suppressed_low__suppressed_confidential__not_applicable__missing.d3fa4afdcc
[0m01:36:04.502351 [debug] [Thread-2 (]: Began running node test.dfe_apprenticeships.accepted_values_stg_apprenticeships_aggregation_depth__False__0__1__2__3__4__5.87f93291ef
[0m01:36:04.502826 [debug] [Thread-3 (]: Began running node test.dfe_apprenticeships.accepted_values_stg_apprenticeships_participation_count_status__published__suppressed_low__suppressed_confidential__not_applicable__missing.cb6b7a60f9
[0m01:36:04.503456 [debug] [Thread-4 (]: Began running node test.dfe_apprenticeships.accepted_values_stg_apprenticeships_start_count_status__published__suppressed_low__suppressed_confidential__not_applicable__missing.ff7c8e3604
[0m01:36:04.504054 [info ] [Thread-1 (]: 1 of 17 START test accepted_values_stg_apprenticeships_achievements_percent_status__published__suppressed_low__suppressed_confidential__not_applicable__missing  [RUN]
[0m01:36:04.504588 [info ] [Thread-2 (]: 2 of 17 START test accepted_values_stg_apprenticeships_aggregation_depth__False__0__1__2__3__4__5  [RUN]
[0m01:36:04.505064 [info ] [Thread-3 (]: 3 of 17 START test accepted_values_stg_apprenticeships_participation_count_status__published__suppressed_low__suppressed_confidential__not_applicable__missing  [RUN]
[0m01:36:04.505503 [info ] [Thread-4 (]: 4 of 17 START test accepted_values_stg_apprenticeships_start_count_status__published__suppressed_low__suppressed_confidential__not_applicable__missing  [RUN]
[0m01:36:04.506176 [debug] [Thread-1 (]: Re-using an available connection from the pool (formerly list_dfe-apprenticeships-2026_silver, now test.dfe_apprenticeships.accepted_values_stg_apprenticeships_achievements_percent_status__published__suppressed_low__suppressed_confidential__not_applicable__missing.d3fa4afdcc)
[0m01:36:04.506680 [debug] [Thread-2 (]: Re-using an available connection from the pool (formerly list_dfe-apprenticeships-2026_gold, now test.dfe_apprenticeships.accepted_values_stg_apprenticeships_aggregation_depth__False__0__1__2__3__4__5.87f93291ef)
[0m01:36:04.507199 [debug] [Thread-3 (]: Acquiring new bigquery connection 'test.dfe_apprenticeships.accepted_values_stg_apprenticeships_participation_count_status__published__suppressed_low__suppressed_confidential__not_applicable__missing.cb6b7a60f9'
[0m01:36:04.507640 [debug] [Thread-4 (]: Acquiring new bigquery connection 'test.dfe_apprenticeships.accepted_values_stg_apprenticeships_start_count_status__published__suppressed_low__suppressed_confidential__not_applicable__missing.ff7c8e3604'
[0m01:36:04.508008 [debug] [Thread-1 (]: Began compiling node test.dfe_apprenticeships.accepted_values_stg_apprenticeships_achievements_percent_status__published__suppressed_low__suppressed_confidential__not_applicable__missing.d3fa4afdcc
[0m01:36:04.508326 [debug] [Thread-2 (]: Began compiling node test.dfe_apprenticeships.accepted_values_stg_apprenticeships_aggregation_depth__False__0__1__2__3__4__5.87f93291ef
[0m01:36:04.508644 [debug] [Thread-3 (]: Began compiling node test.dfe_apprenticeships.accepted_values_stg_apprenticeships_participation_count_status__published__suppressed_low__suppressed_confidential__not_applicable__missing.cb6b7a60f9
[0m01:36:04.508954 [debug] [Thread-4 (]: Began compiling node test.dfe_apprenticeships.accepted_values_stg_apprenticeships_start_count_status__published__suppressed_low__suppressed_confidential__not_applicable__missing.ff7c8e3604
[0m01:36:04.645663 [debug] [Thread-1 (]: Writing injected SQL for node "test.dfe_apprenticeships.accepted_values_stg_apprenticeships_achievements_percent_status__published__suppressed_low__suppressed_confidential__not_applicable__missing.d3fa4afdcc"
[0m01:36:04.649864 [debug] [Thread-2 (]: Writing injected SQL for node "test.dfe_apprenticeships.accepted_values_stg_apprenticeships_aggregation_depth__False__0__1__2__3__4__5.87f93291ef"
[0m01:36:04.655448 [debug] [Thread-3 (]: Writing injected SQL for node "test.dfe_apprenticeships.accepted_values_stg_apprenticeships_participation_count_status__published__suppressed_low__suppressed_confidential__not_applicable__missing.cb6b7a60f9"
[0m01:36:04.660768 [debug] [Thread-4 (]: Writing injected SQL for node "test.dfe_apprenticeships.accepted_values_stg_apprenticeships_start_count_status__published__suppressed_low__suppressed_confidential__not_applicable__missing.ff7c8e3604"
[0m01:36:04.661785 [debug] [Thread-3 (]: Began executing node test.dfe_apprenticeships.accepted_values_stg_apprenticeships_participation_count_status__published__suppressed_low__suppressed_confidential__not_applicable__missing.cb6b7a60f9
[0m01:36:04.674988 [debug] [Thread-2 (]: Began executing node test.dfe_apprenticeships.accepted_values_stg_apprenticeships_aggregation_depth__False__0__1__2__3__4__5.87f93291ef
[0m01:36:04.675429 [debug] [Thread-1 (]: Began executing node test.dfe_apprenticeships.accepted_values_stg_apprenticeships_achievements_percent_status__published__suppressed_low__suppressed_confidential__not_applicable__missing.d3fa4afdcc
[0m01:36:04.675799 [debug] [Thread-4 (]: Began executing node test.dfe_apprenticeships.accepted_values_stg_apprenticeships_start_count_status__published__suppressed_low__suppressed_confidential__not_applicable__missing.ff7c8e3604
[0m01:36:04.681822 [debug] [Thread-3 (]: Writing runtime sql for node "test.dfe_apprenticeships.accepted_values_stg_apprenticeships_participation_count_status__published__suppressed_low__suppressed_confidential__not_applicable__missing.cb6b7a60f9"
[0m01:36:04.683695 [debug] [Thread-2 (]: Writing runtime sql for node "test.dfe_apprenticeships.accepted_values_stg_apprenticeships_aggregation_depth__False__0__1__2__3__4__5.87f93291ef"
[0m01:36:04.684966 [debug] [Thread-1 (]: Writing runtime sql for node "test.dfe_apprenticeships.accepted_values_stg_apprenticeships_achievements_percent_status__published__suppressed_low__suppressed_confidential__not_applicable__missing.d3fa4afdcc"
[0m01:36:04.686178 [debug] [Thread-4 (]: Writing runtime sql for node "test.dfe_apprenticeships.accepted_values_stg_apprenticeships_start_count_status__published__suppressed_low__suppressed_confidential__not_applicable__missing.ff7c8e3604"
[0m01:36:04.687060 [debug] [Thread-3 (]: On test.dfe_apprenticeships.accepted_values_stg_apprenticeships_participation_count_status__published__suppressed_low__suppressed_confidential__not_applicable__missing.cb6b7a60f9: /* {"app": "dbt", "dbt_version": "1.12.3", "profile_name": "dfe_apprenticeships", "target_name": "dev", "node_id": "test.dfe_apprenticeships.accepted_values_stg_apprenticeships_participation_count_status__published__suppressed_low__suppressed_confidential__not_applicable__missing.cb6b7a60f9"} */

    
    select
      count(*) as failures,
      count(*) != 0 as should_warn,
      count(*) != 0 as should_error
    from (
      
    
  
    
    

with all_values as (

    select
        participation_count_status as value_field,
        count(*) as n_records

    from `dfe-apprenticeships-2026`.`silver`.`stg_apprenticeships`
    group by participation_count_status

)

select *
from all_values
where value_field not in (
    'published','suppressed_low','suppressed_confidential','not_applicable','missing'
)



  
  
      
    ) dbt_internal_test
[0m01:36:04.687525 [debug] [Thread-3 (]: Opening a new connection, currently in state init
[0m01:36:04.687904 [debug] [Thread-1 (]: On test.dfe_apprenticeships.accepted_values_stg_apprenticeships_achievements_percent_status__published__suppressed_low__suppressed_confidential__not_applicable__missing.d3fa4afdcc: /* {"app": "dbt", "dbt_version": "1.12.3", "profile_name": "dfe_apprenticeships", "target_name": "dev", "node_id": "test.dfe_apprenticeships.accepted_values_stg_apprenticeships_achievements_percent_status__published__suppressed_low__suppressed_confidential__not_applicable__missing.d3fa4afdcc"} */

    
    select
      count(*) as failures,
      count(*) != 0 as should_warn,
      count(*) != 0 as should_error
    from (
      
    
  
    
    

with all_values as (

    select
        achievements_percent_status as value_field,
        count(*) as n_records

    from `dfe-apprenticeships-2026`.`silver`.`stg_apprenticeships`
    group by achievements_percent_status

)

select *
from all_values
where value_field not in (
    'published','suppressed_low','suppressed_confidential','not_applicable','missing'
)



  
  
      
    ) dbt_internal_test
[0m01:36:04.689235 [debug] [Thread-2 (]: On test.dfe_apprenticeships.accepted_values_stg_apprenticeships_aggregation_depth__False__0__1__2__3__4__5.87f93291ef: /* {"app": "dbt", "dbt_version": "1.12.3", "profile_name": "dfe_apprenticeships", "target_name": "dev", "node_id": "test.dfe_apprenticeships.accepted_values_stg_apprenticeships_aggregation_depth__False__0__1__2__3__4__5.87f93291ef"} */

    
    select
      count(*) as failures,
      count(*) != 0 as should_warn,
      count(*) != 0 as should_error
    from (
      
    
  
    
    

with all_values as (

    select
        aggregation_depth as value_field,
        count(*) as n_records

    from `dfe-apprenticeships-2026`.`silver`.`stg_apprenticeships`
    group by aggregation_depth

)

select *
from all_values
where value_field not in (
    0,1,2,3,4,5
)



  
  
      
    ) dbt_internal_test
[0m01:36:04.689613 [debug] [Thread-4 (]: On test.dfe_apprenticeships.accepted_values_stg_apprenticeships_start_count_status__published__suppressed_low__suppressed_confidential__not_applicable__missing.ff7c8e3604: /* {"app": "dbt", "dbt_version": "1.12.3", "profile_name": "dfe_apprenticeships", "target_name": "dev", "node_id": "test.dfe_apprenticeships.accepted_values_stg_apprenticeships_start_count_status__published__suppressed_low__suppressed_confidential__not_applicable__missing.ff7c8e3604"} */

    
    select
      count(*) as failures,
      count(*) != 0 as should_warn,
      count(*) != 0 as should_error
    from (
      
    
  
    
    

with all_values as (

    select
        start_count_status as value_field,
        count(*) as n_records

    from `dfe-apprenticeships-2026`.`silver`.`stg_apprenticeships`
    group by start_count_status

)

select *
from all_values
where value_field not in (
    'published','suppressed_low','suppressed_confidential','not_applicable','missing'
)



  
  
      
    ) dbt_internal_test
[0m01:36:04.690431 [debug] [Thread-1 (]: Opening a new connection, currently in state closed
[0m01:36:04.690768 [debug] [Thread-2 (]: Opening a new connection, currently in state closed
[0m01:36:04.691109 [debug] [Thread-4 (]: Opening a new connection, currently in state init
[0m01:36:05.328634 [debug] [Thread-3 (]: BigQuery adapter: https://console.cloud.google.com/bigquery?project=dfe-apprenticeships-2026&j=bq:europe-west2:882b1d33-b219-4ff2-8f26-ffed8dfda4eb&page=queryresults
[0m01:36:05.343176 [debug] [Thread-4 (]: BigQuery adapter: https://console.cloud.google.com/bigquery?project=dfe-apprenticeships-2026&j=bq:europe-west2:0a163c76-ef9b-4187-8569-a7dcdc5d2d11&page=queryresults
[0m01:36:05.422662 [debug] [Thread-1 (]: BigQuery adapter: https://console.cloud.google.com/bigquery?project=dfe-apprenticeships-2026&j=bq:europe-west2:75b63c1e-408f-416c-a999-dcc51b6cab4b&page=queryresults
[0m01:36:05.578756 [debug] [Thread-3 (]: SQL status: OK in 0.249 seconds
[0m01:36:05.649799 [debug] [Thread-2 (]: BigQuery adapter: https://console.cloud.google.com/bigquery?project=dfe-apprenticeships-2026&j=bq:europe-west2:e9e0e8fb-4ea4-4ab3-bd1a-d2184d124171&page=queryresults
[0m01:36:05.772206 [debug] [Thread-4 (]: SQL status: OK in 0.428 seconds
[0m01:36:05.782326 [debug] [Thread-1 (]: SQL status: OK in 0.358 seconds
[0m01:36:05.894909 [debug] [Thread-2 (]: SQL status: OK in 0.244 seconds
[0m01:36:06.207159 [info ] [Thread-3 (]: 3 of 17 PASS accepted_values_stg_apprenticeships_participation_count_status__published__suppressed_low__suppressed_confidential__not_applicable__missing  [[32mPASS[0m in 1.70s]
[0m01:36:06.208336 [debug] [Thread-3 (]: Finished running node test.dfe_apprenticeships.accepted_values_stg_apprenticeships_participation_count_status__published__suppressed_low__suppressed_confidential__not_applicable__missing.cb6b7a60f9
[0m01:36:06.208915 [debug] [Thread-3 (]: Began running node test.dfe_apprenticeships.assert_current_matches_latest_version
[0m01:36:06.209497 [info ] [Thread-3 (]: 5 of 17 START test assert_current_matches_latest_version ....................... [RUN]
[0m01:36:06.210298 [debug] [Thread-3 (]: Re-using an available connection from the pool (formerly test.dfe_apprenticeships.accepted_values_stg_apprenticeships_participation_count_status__published__suppressed_low__suppressed_confidential__not_applicable__missing.cb6b7a60f9, now test.dfe_apprenticeships.assert_current_matches_latest_version)
[0m01:36:06.210751 [debug] [Thread-3 (]: Began compiling node test.dfe_apprenticeships.assert_current_matches_latest_version
[0m01:36:06.214029 [debug] [Thread-3 (]: Writing injected SQL for node "test.dfe_apprenticeships.assert_current_matches_latest_version"
[0m01:36:06.216074 [debug] [Thread-3 (]: Began executing node test.dfe_apprenticeships.assert_current_matches_latest_version
[0m01:36:06.218887 [debug] [Thread-3 (]: Writing runtime sql for node "test.dfe_apprenticeships.assert_current_matches_latest_version"
[0m01:36:06.219843 [debug] [Thread-3 (]: On test.dfe_apprenticeships.assert_current_matches_latest_version: /* {"app": "dbt", "dbt_version": "1.12.3", "profile_name": "dfe_apprenticeships", "target_name": "dev", "node_id": "test.dfe_apprenticeships.assert_current_matches_latest_version"} */

    
    select
      count(*) as failures,
      count(*) != 0 as should_warn,
      count(*) != 0 as should_error
    from (
      
    
  -- The set of is_current records must be exactly the newest published version.
-- If SCD-2 validity intervals are wrong, this drifts immediately.
-- Returns rows on failure.

with current_count as (
    select count(*) as n
    from `dfe-apprenticeships-2026`.`gold`.`fct_apprenticeship_headline`
    where is_current
),
expected as (
    select total_results as n
    from `dfe-apprenticeships-2026`.`silver`.`dataset_versions`
    qualify row_number() over (order by version_seq desc) = 1
)
select
    c.n as current_records,
    e.n as expected_records
from current_count c
cross join expected e
where c.n != e.n
  
  
      
    ) dbt_internal_test
[0m01:36:06.220324 [debug] [Thread-3 (]: Opening a new connection, currently in state closed
[0m01:36:06.323495 [info ] [Thread-4 (]: 4 of 17 PASS accepted_values_stg_apprenticeships_start_count_status__published__suppressed_low__suppressed_confidential__not_applicable__missing  [[32mPASS[0m in 1.82s]
[0m01:36:06.324648 [debug] [Thread-4 (]: Finished running node test.dfe_apprenticeships.accepted_values_stg_apprenticeships_start_count_status__published__suppressed_low__suppressed_confidential__not_applicable__missing.ff7c8e3604
[0m01:36:06.325187 [debug] [Thread-4 (]: Began running node test.dfe_apprenticeships.assert_detail_grain_reconciles_to_published_total
[0m01:36:06.325684 [info ] [Thread-4 (]: 6 of 17 START test assert_detail_grain_reconciles_to_published_total ........... [RUN]
[0m01:36:06.326363 [debug] [Thread-4 (]: Re-using an available connection from the pool (formerly test.dfe_apprenticeships.accepted_values_stg_apprenticeships_start_count_status__published__suppressed_low__suppressed_confidential__not_applicable__missing.ff7c8e3604, now test.dfe_apprenticeships.assert_detail_grain_reconciles_to_published_total)
[0m01:36:06.327007 [debug] [Thread-4 (]: Began compiling node test.dfe_apprenticeships.assert_detail_grain_reconciles_to_published_total
[0m01:36:06.329714 [debug] [Thread-4 (]: Writing injected SQL for node "test.dfe_apprenticeships.assert_detail_grain_reconciles_to_published_total"
[0m01:36:06.330516 [debug] [Thread-4 (]: Began executing node test.dfe_apprenticeships.assert_detail_grain_reconciles_to_published_total
[0m01:36:06.332745 [debug] [Thread-4 (]: Writing runtime sql for node "test.dfe_apprenticeships.assert_detail_grain_reconciles_to_published_total"
[0m01:36:06.333650 [debug] [Thread-4 (]: On test.dfe_apprenticeships.assert_detail_grain_reconciles_to_published_total: /* {"app": "dbt", "dbt_version": "1.12.3", "profile_name": "dfe_apprenticeships", "target_name": "dev", "node_id": "test.dfe_apprenticeships.assert_detail_grain_reconciles_to_published_total"} */

    
    select
      count(*) as failures,
      count(*) != 0 as should_warn,
      count(*) != 0 as should_error
    from (
      
    
  -- Summing detail-grain rows must reproduce the publisher's own grand total.
--
-- This is the guard against the subtotal double-count trap: if anyone changes
-- the aggregation_depth logic, the detail sum stops matching the published
-- total and this test fails. Tolerance is exact -- the source is internally
-- consistent at national level.
--
-- Scoped to years where the grand-total row has an unsuppressed start_count.
-- Returns rows on failure.

with detail as (
    select
        academic_year_start,
        sum(start_count) as detail_starts
    from `dfe-apprenticeships-2026`.`gold`.`fct_apprenticeship_headline`
    where is_current
      and geographic_level = 'National'
      and is_detail_grain
    group by academic_year_start
),
published as (
    select
        academic_year_start,
        start_count as published_starts
    from `dfe-apprenticeships-2026`.`gold`.`fct_apprenticeship_headline`
    where is_current
      and geographic_level = 'National'
      and aggregation_depth = 5
      and start_count is not null
)
select
    p.academic_year_start,
    d.detail_starts,
    p.published_starts,
    d.detail_starts - p.published_starts as difference
from published p
join detail d using (academic_year_start)
where d.detail_starts != p.published_starts
  
  
      
    ) dbt_internal_test
[0m01:36:06.334127 [debug] [Thread-4 (]: Opening a new connection, currently in state closed
[0m01:36:06.354552 [info ] [Thread-2 (]: 2 of 17 PASS accepted_values_stg_apprenticeships_aggregation_depth__False__0__1__2__3__4__5  [[32mPASS[0m in 1.85s]
[0m01:36:06.355228 [debug] [Thread-2 (]: Finished running node test.dfe_apprenticeships.accepted_values_stg_apprenticeships_aggregation_depth__False__0__1__2__3__4__5.87f93291ef
[0m01:36:06.355740 [debug] [Thread-2 (]: Began running node test.dfe_apprenticeships.dbt_utils_accepted_range_stg_apprenticeships_academic_year_start__2030__2017.b6d810965b
[0m01:36:06.356210 [info ] [Thread-2 (]: 7 of 17 START test dbt_utils_accepted_range_stg_apprenticeships_academic_year_start__2030__2017  [RUN]
[0m01:36:06.356746 [debug] [Thread-2 (]: Re-using an available connection from the pool (formerly test.dfe_apprenticeships.accepted_values_stg_apprenticeships_aggregation_depth__False__0__1__2__3__4__5.87f93291ef, now test.dfe_apprenticeships.dbt_utils_accepted_range_stg_apprenticeships_academic_year_start__2030__2017.b6d810965b)
[0m01:36:06.357082 [debug] [Thread-2 (]: Began compiling node test.dfe_apprenticeships.dbt_utils_accepted_range_stg_apprenticeships_academic_year_start__2030__2017.b6d810965b
[0m01:36:06.363419 [debug] [Thread-2 (]: Writing injected SQL for node "test.dfe_apprenticeships.dbt_utils_accepted_range_stg_apprenticeships_academic_year_start__2030__2017.b6d810965b"
[0m01:36:06.364090 [debug] [Thread-2 (]: Began executing node test.dfe_apprenticeships.dbt_utils_accepted_range_stg_apprenticeships_academic_year_start__2030__2017.b6d810965b
[0m01:36:06.365339 [debug] [Thread-2 (]: Writing runtime sql for node "test.dfe_apprenticeships.dbt_utils_accepted_range_stg_apprenticeships_academic_year_start__2030__2017.b6d810965b"
[0m01:36:06.366066 [debug] [Thread-2 (]: On test.dfe_apprenticeships.dbt_utils_accepted_range_stg_apprenticeships_academic_year_start__2030__2017.b6d810965b: /* {"app": "dbt", "dbt_version": "1.12.3", "profile_name": "dfe_apprenticeships", "target_name": "dev", "node_id": "test.dfe_apprenticeships.dbt_utils_accepted_range_stg_apprenticeships_academic_year_start__2030__2017.b6d810965b"} */

    
    select
      count(*) as failures,
      count(*) != 0 as should_warn,
      count(*) != 0 as should_error
    from (
      
    
  

with meet_condition as(
  select *
  from `dfe-apprenticeships-2026`.`silver`.`stg_apprenticeships`
),

validation_errors as (
  select *
  from meet_condition
  where
    -- never true, defaults to an empty result set. Exists to ensure any combo of the `or` clauses below succeeds
    1 = 2
    -- records with a value >= min_value are permitted. The `not` flips this to find records that don't meet the rule.
    or not academic_year_start >= 2017
    -- records with a value <= max_value are permitted. The `not` flips this to find records that don't meet the rule.
    or not academic_year_start <= 2030
)

select *
from validation_errors


  
  
      
    ) dbt_internal_test
[0m01:36:06.366499 [debug] [Thread-2 (]: Opening a new connection, currently in state closed
[0m01:36:06.399860 [info ] [Thread-1 (]: 1 of 17 PASS accepted_values_stg_apprenticeships_achievements_percent_status__published__suppressed_low__suppressed_confidential__not_applicable__missing  [[32mPASS[0m in 1.89s]
[0m01:36:06.400535 [debug] [Thread-1 (]: Finished running node test.dfe_apprenticeships.accepted_values_stg_apprenticeships_achievements_percent_status__published__suppressed_low__suppressed_confidential__not_applicable__missing.d3fa4afdcc
[0m01:36:06.400901 [debug] [Thread-1 (]: Began running node test.dfe_apprenticeships.dbt_utils_unique_combination_of_columns_fct_apprenticeship_headline_row_key__valid_from_seq.15161f8a56
[0m01:36:06.401303 [info ] [Thread-1 (]: 8 of 17 START test dbt_utils_unique_combination_of_columns_fct_apprenticeship_headline_row_key__valid_from_seq  [RUN]
[0m01:36:06.401677 [debug] [Thread-1 (]: Re-using an available connection from the pool (formerly test.dfe_apprenticeships.accepted_values_stg_apprenticeships_achievements_percent_status__published__suppressed_low__suppressed_confidential__not_applicable__missing.d3fa4afdcc, now test.dfe_apprenticeships.dbt_utils_unique_combination_of_columns_fct_apprenticeship_headline_row_key__valid_from_seq.15161f8a56)
[0m01:36:06.401984 [debug] [Thread-1 (]: Began compiling node test.dfe_apprenticeships.dbt_utils_unique_combination_of_columns_fct_apprenticeship_headline_row_key__valid_from_seq.15161f8a56
[0m01:36:06.407685 [debug] [Thread-1 (]: Writing injected SQL for node "test.dfe_apprenticeships.dbt_utils_unique_combination_of_columns_fct_apprenticeship_headline_row_key__valid_from_seq.15161f8a56"
[0m01:36:06.408575 [debug] [Thread-1 (]: Began executing node test.dfe_apprenticeships.dbt_utils_unique_combination_of_columns_fct_apprenticeship_headline_row_key__valid_from_seq.15161f8a56
[0m01:36:06.409896 [debug] [Thread-1 (]: Writing runtime sql for node "test.dfe_apprenticeships.dbt_utils_unique_combination_of_columns_fct_apprenticeship_headline_row_key__valid_from_seq.15161f8a56"
[0m01:36:06.410531 [debug] [Thread-1 (]: On test.dfe_apprenticeships.dbt_utils_unique_combination_of_columns_fct_apprenticeship_headline_row_key__valid_from_seq.15161f8a56: /* {"app": "dbt", "dbt_version": "1.12.3", "profile_name": "dfe_apprenticeships", "target_name": "dev", "node_id": "test.dfe_apprenticeships.dbt_utils_unique_combination_of_columns_fct_apprenticeship_headline_row_key__valid_from_seq.15161f8a56"} */

    
    select
      count(*) as failures,
      count(*) != 0 as should_warn,
      count(*) != 0 as should_error
    from (
      
    
  





with validation_errors as (

    select
        row_key, valid_from_seq
    from `dfe-apprenticeships-2026`.`gold`.`fct_apprenticeship_headline`
    group by row_key, valid_from_seq
    having count(*) > 1

)

select *
from validation_errors



  
  
      
    ) dbt_internal_test
[0m01:36:06.410911 [debug] [Thread-1 (]: Opening a new connection, currently in state closed
[0m01:36:06.883593 [debug] [Thread-2 (]: BigQuery adapter: https://console.cloud.google.com/bigquery?project=dfe-apprenticeships-2026&j=bq:europe-west2:1d1c8496-684a-42db-bb29-042ff3a3596d&page=queryresults
[0m01:36:06.970269 [debug] [Thread-3 (]: BigQuery adapter: https://console.cloud.google.com/bigquery?project=dfe-apprenticeships-2026&j=bq:europe-west2:429090d8-5180-4a83-a98a-ea285e0c5a58&page=queryresults
[0m01:36:06.973494 [debug] [Thread-4 (]: BigQuery adapter: https://console.cloud.google.com/bigquery?project=dfe-apprenticeships-2026&j=bq:europe-west2:deb21908-e993-4b02-b9ff-23f4d5d94bf1&page=queryresults
[0m01:36:07.045243 [debug] [Thread-1 (]: BigQuery adapter: https://console.cloud.google.com/bigquery?project=dfe-apprenticeships-2026&j=bq:europe-west2:19a266cd-535f-42c6-8fad-1a0a80a108f7&page=queryresults
[0m01:36:07.119962 [debug] [Thread-2 (]: SQL status: OK in 0.235 seconds
[0m01:36:07.238807 [debug] [Thread-4 (]: SQL status: OK in 0.264 seconds
[0m01:36:07.242026 [debug] [Thread-3 (]: SQL status: OK in 0.271 seconds
[0m01:36:07.290443 [debug] [Thread-1 (]: SQL status: OK in 0.244 seconds
[0m01:36:07.622733 [info ] [Thread-2 (]: 7 of 17 PASS dbt_utils_accepted_range_stg_apprenticeships_academic_year_start__2030__2017  [[32mPASS[0m in 1.27s]
[0m01:36:07.624047 [debug] [Thread-2 (]: Finished running node test.dfe_apprenticeships.dbt_utils_accepted_range_stg_apprenticeships_academic_year_start__2030__2017.b6d810965b
[0m01:36:07.624726 [debug] [Thread-2 (]: Began running node test.dfe_apprenticeships.dbt_utils_unique_combination_of_columns_stg_apprenticeships_row_key__dataset_version.3f31dfd779
[0m01:36:07.625374 [info ] [Thread-2 (]: 9 of 17 START test dbt_utils_unique_combination_of_columns_stg_apprenticeships_row_key__dataset_version  [RUN]
[0m01:36:07.626080 [debug] [Thread-2 (]: Re-using an available connection from the pool (formerly test.dfe_apprenticeships.dbt_utils_accepted_range_stg_apprenticeships_academic_year_start__2030__2017.b6d810965b, now test.dfe_apprenticeships.dbt_utils_unique_combination_of_columns_stg_apprenticeships_row_key__dataset_version.3f31dfd779)
[0m01:36:07.626618 [debug] [Thread-2 (]: Began compiling node test.dfe_apprenticeships.dbt_utils_unique_combination_of_columns_stg_apprenticeships_row_key__dataset_version.3f31dfd779
[0m01:36:07.637683 [debug] [Thread-2 (]: Writing injected SQL for node "test.dfe_apprenticeships.dbt_utils_unique_combination_of_columns_stg_apprenticeships_row_key__dataset_version.3f31dfd779"
[0m01:36:07.638756 [debug] [Thread-2 (]: Began executing node test.dfe_apprenticeships.dbt_utils_unique_combination_of_columns_stg_apprenticeships_row_key__dataset_version.3f31dfd779
[0m01:36:07.640501 [debug] [Thread-2 (]: Writing runtime sql for node "test.dfe_apprenticeships.dbt_utils_unique_combination_of_columns_stg_apprenticeships_row_key__dataset_version.3f31dfd779"
[0m01:36:07.641205 [debug] [Thread-2 (]: On test.dfe_apprenticeships.dbt_utils_unique_combination_of_columns_stg_apprenticeships_row_key__dataset_version.3f31dfd779: /* {"app": "dbt", "dbt_version": "1.12.3", "profile_name": "dfe_apprenticeships", "target_name": "dev", "node_id": "test.dfe_apprenticeships.dbt_utils_unique_combination_of_columns_stg_apprenticeships_row_key__dataset_version.3f31dfd779"} */

    
    select
      count(*) as failures,
      count(*) != 0 as should_warn,
      count(*) != 0 as should_error
    from (
      
    
  





with validation_errors as (

    select
        row_key, dataset_version
    from `dfe-apprenticeships-2026`.`silver`.`stg_apprenticeships`
    group by row_key, dataset_version
    having count(*) > 1

)

select *
from validation_errors



  
  
      
    ) dbt_internal_test
[0m01:36:07.641626 [debug] [Thread-2 (]: Opening a new connection, currently in state closed
[0m01:36:07.691626 [error] [Thread-4 (]: 6 of 17 FAIL 7 assert_detail_grain_reconciles_to_published_total ............... [[31mFAIL 7[0m in 1.37s]
[0m01:36:07.692347 [debug] [Thread-4 (]: Finished running node test.dfe_apprenticeships.assert_detail_grain_reconciles_to_published_total
[0m01:36:07.692710 [debug] [Thread-4 (]: Began running node test.dfe_apprenticeships.not_null_fct_apprenticeship_headline_is_current.7520dc729f
[0m01:36:07.693104 [info ] [Thread-4 (]: 10 of 17 START test not_null_fct_apprenticeship_headline_is_current ............ [RUN]
[0m01:36:07.693571 [debug] [Thread-4 (]: Re-using an available connection from the pool (formerly test.dfe_apprenticeships.assert_detail_grain_reconciles_to_published_total, now test.dfe_apprenticeships.not_null_fct_apprenticeship_headline_is_current.7520dc729f)
[0m01:36:07.693952 [debug] [Thread-4 (]: Began compiling node test.dfe_apprenticeships.not_null_fct_apprenticeship_headline_is_current.7520dc729f
[0m01:36:07.702781 [debug] [Thread-4 (]: Writing injected SQL for node "test.dfe_apprenticeships.not_null_fct_apprenticeship_headline_is_current.7520dc729f"
[0m01:36:07.703676 [debug] [Thread-4 (]: Began executing node test.dfe_apprenticeships.not_null_fct_apprenticeship_headline_is_current.7520dc729f
[0m01:36:07.705149 [debug] [Thread-4 (]: Writing runtime sql for node "test.dfe_apprenticeships.not_null_fct_apprenticeship_headline_is_current.7520dc729f"
[0m01:36:07.705790 [debug] [Thread-4 (]: On test.dfe_apprenticeships.not_null_fct_apprenticeship_headline_is_current.7520dc729f: /* {"app": "dbt", "dbt_version": "1.12.3", "profile_name": "dfe_apprenticeships", "target_name": "dev", "node_id": "test.dfe_apprenticeships.not_null_fct_apprenticeship_headline_is_current.7520dc729f"} */

    
    select
      count(*) as failures,
      count(*) != 0 as should_warn,
      count(*) != 0 as should_error
    from (
      
    
  
    
    



select is_current
from `dfe-apprenticeships-2026`.`gold`.`fct_apprenticeship_headline`
where is_current is null



  
  
      
    ) dbt_internal_test
[0m01:36:07.706184 [debug] [Thread-4 (]: Opening a new connection, currently in state closed
[0m01:36:07.712371 [info ] [Thread-3 (]: 5 of 17 PASS assert_current_matches_latest_version ............................. [[32mPASS[0m in 1.50s]
[0m01:36:07.712909 [debug] [Thread-3 (]: Finished running node test.dfe_apprenticeships.assert_current_matches_latest_version
[0m01:36:07.713261 [debug] [Thread-3 (]: Began running node test.dfe_apprenticeships.not_null_fct_apprenticeship_headline_row_key.5d77d2d604
[0m01:36:07.713647 [info ] [Thread-3 (]: 11 of 17 START test not_null_fct_apprenticeship_headline_row_key ............... [RUN]
[0m01:36:07.714046 [debug] [Thread-3 (]: Re-using an available connection from the pool (formerly test.dfe_apprenticeships.assert_current_matches_latest_version, now test.dfe_apprenticeships.not_null_fct_apprenticeship_headline_row_key.5d77d2d604)
[0m01:36:07.714355 [debug] [Thread-3 (]: Began compiling node test.dfe_apprenticeships.not_null_fct_apprenticeship_headline_row_key.5d77d2d604
[0m01:36:07.720728 [debug] [Thread-3 (]: Writing injected SQL for node "test.dfe_apprenticeships.not_null_fct_apprenticeship_headline_row_key.5d77d2d604"
[0m01:36:07.721445 [debug] [Thread-3 (]: Began executing node test.dfe_apprenticeships.not_null_fct_apprenticeship_headline_row_key.5d77d2d604
[0m01:36:07.722645 [debug] [Thread-3 (]: Writing runtime sql for node "test.dfe_apprenticeships.not_null_fct_apprenticeship_headline_row_key.5d77d2d604"
[0m01:36:07.723145 [debug] [Thread-3 (]: On test.dfe_apprenticeships.not_null_fct_apprenticeship_headline_row_key.5d77d2d604: /* {"app": "dbt", "dbt_version": "1.12.3", "profile_name": "dfe_apprenticeships", "target_name": "dev", "node_id": "test.dfe_apprenticeships.not_null_fct_apprenticeship_headline_row_key.5d77d2d604"} */

    
    select
      count(*) as failures,
      count(*) != 0 as should_warn,
      count(*) != 0 as should_error
    from (
      
    
  
    
    



select row_key
from `dfe-apprenticeships-2026`.`gold`.`fct_apprenticeship_headline`
where row_key is null



  
  
      
    ) dbt_internal_test
[0m01:36:07.723483 [debug] [Thread-3 (]: Opening a new connection, currently in state closed
[0m01:36:07.798173 [info ] [Thread-1 (]: 8 of 17 PASS dbt_utils_unique_combination_of_columns_fct_apprenticeship_headline_row_key__valid_from_seq  [[32mPASS[0m in 1.40s]
[0m01:36:07.798758 [debug] [Thread-1 (]: Finished running node test.dfe_apprenticeships.dbt_utils_unique_combination_of_columns_fct_apprenticeship_headline_row_key__valid_from_seq.15161f8a56
[0m01:36:07.799296 [debug] [Thread-1 (]: Began running node test.dfe_apprenticeships.not_null_fct_apprenticeship_headline_valid_from_seq.f9d88a1046
[0m01:36:07.799701 [info ] [Thread-1 (]: 12 of 17 START test not_null_fct_apprenticeship_headline_valid_from_seq ........ [RUN]
[0m01:36:07.800143 [debug] [Thread-1 (]: Re-using an available connection from the pool (formerly test.dfe_apprenticeships.dbt_utils_unique_combination_of_columns_fct_apprenticeship_headline_row_key__valid_from_seq.15161f8a56, now test.dfe_apprenticeships.not_null_fct_apprenticeship_headline_valid_from_seq.f9d88a1046)
[0m01:36:07.800461 [debug] [Thread-1 (]: Began compiling node test.dfe_apprenticeships.not_null_fct_apprenticeship_headline_valid_from_seq.f9d88a1046
[0m01:36:07.806082 [debug] [Thread-1 (]: Writing injected SQL for node "test.dfe_apprenticeships.not_null_fct_apprenticeship_headline_valid_from_seq.f9d88a1046"
[0m01:36:07.806738 [debug] [Thread-1 (]: Began executing node test.dfe_apprenticeships.not_null_fct_apprenticeship_headline_valid_from_seq.f9d88a1046
[0m01:36:07.807968 [debug] [Thread-1 (]: Writing runtime sql for node "test.dfe_apprenticeships.not_null_fct_apprenticeship_headline_valid_from_seq.f9d88a1046"
[0m01:36:07.808474 [debug] [Thread-1 (]: On test.dfe_apprenticeships.not_null_fct_apprenticeship_headline_valid_from_seq.f9d88a1046: /* {"app": "dbt", "dbt_version": "1.12.3", "profile_name": "dfe_apprenticeships", "target_name": "dev", "node_id": "test.dfe_apprenticeships.not_null_fct_apprenticeship_headline_valid_from_seq.f9d88a1046"} */

    
    select
      count(*) as failures,
      count(*) != 0 as should_warn,
      count(*) != 0 as should_error
    from (
      
    
  
    
    



select valid_from_seq
from `dfe-apprenticeships-2026`.`gold`.`fct_apprenticeship_headline`
where valid_from_seq is null



  
  
      
    ) dbt_internal_test
[0m01:36:07.808821 [debug] [Thread-1 (]: Opening a new connection, currently in state closed
[0m01:36:08.293308 [debug] [Thread-2 (]: BigQuery adapter: https://console.cloud.google.com/bigquery?project=dfe-apprenticeships-2026&j=bq:europe-west2:a7395dd1-15b1-4bf5-b0c8-04419e997f46&page=queryresults
[0m01:36:08.490727 [debug] [Thread-4 (]: BigQuery adapter: https://console.cloud.google.com/bigquery?project=dfe-apprenticeships-2026&j=bq:europe-west2:543da92d-dbba-4d53-b39c-a32a9f87a569&page=queryresults
[0m01:36:08.506228 [debug] [Thread-2 (]: SQL status: OK in 0.211 seconds
[0m01:36:08.509449 [debug] [Thread-1 (]: BigQuery adapter: https://console.cloud.google.com/bigquery?project=dfe-apprenticeships-2026&j=bq:europe-west2:de1f5b08-6d97-4635-9869-a4276878cee0&page=queryresults
[0m01:36:08.597670 [debug] [Thread-3 (]: BigQuery adapter: https://console.cloud.google.com/bigquery?project=dfe-apprenticeships-2026&j=bq:europe-west2:b503e13b-b27f-40bb-a3d6-157acf653aa8&page=queryresults
[0m01:36:08.742298 [debug] [Thread-4 (]: SQL status: OK in 0.250 seconds
[0m01:36:08.748491 [debug] [Thread-1 (]: SQL status: OK in 0.238 seconds
[0m01:36:08.847261 [debug] [Thread-3 (]: SQL status: OK in 0.248 seconds
[0m01:36:09.023443 [info ] [Thread-2 (]: 9 of 17 PASS dbt_utils_unique_combination_of_columns_stg_apprenticeships_row_key__dataset_version  [[32mPASS[0m in 1.40s]
[0m01:36:09.025413 [debug] [Thread-2 (]: Finished running node test.dfe_apprenticeships.dbt_utils_unique_combination_of_columns_stg_apprenticeships_row_key__dataset_version.3f31dfd779
[0m01:36:09.026148 [debug] [Thread-2 (]: Began running node test.dfe_apprenticeships.not_null_stg_apprenticeships_academic_year_start.6be333a660
[0m01:36:09.027035 [info ] [Thread-2 (]: 13 of 17 START test not_null_stg_apprenticeships_academic_year_start ........... [RUN]
[0m01:36:09.027870 [debug] [Thread-2 (]: Re-using an available connection from the pool (formerly test.dfe_apprenticeships.dbt_utils_unique_combination_of_columns_stg_apprenticeships_row_key__dataset_version.3f31dfd779, now test.dfe_apprenticeships.not_null_stg_apprenticeships_academic_year_start.6be333a660)
[0m01:36:09.028593 [debug] [Thread-2 (]: Began compiling node test.dfe_apprenticeships.not_null_stg_apprenticeships_academic_year_start.6be333a660
[0m01:36:09.038857 [debug] [Thread-2 (]: Writing injected SQL for node "test.dfe_apprenticeships.not_null_stg_apprenticeships_academic_year_start.6be333a660"
[0m01:36:09.040179 [debug] [Thread-2 (]: Began executing node test.dfe_apprenticeships.not_null_stg_apprenticeships_academic_year_start.6be333a660
[0m01:36:09.041850 [debug] [Thread-2 (]: Writing runtime sql for node "test.dfe_apprenticeships.not_null_stg_apprenticeships_academic_year_start.6be333a660"
[0m01:36:09.042464 [debug] [Thread-2 (]: On test.dfe_apprenticeships.not_null_stg_apprenticeships_academic_year_start.6be333a660: /* {"app": "dbt", "dbt_version": "1.12.3", "profile_name": "dfe_apprenticeships", "target_name": "dev", "node_id": "test.dfe_apprenticeships.not_null_stg_apprenticeships_academic_year_start.6be333a660"} */

    
    select
      count(*) as failures,
      count(*) != 0 as should_warn,
      count(*) != 0 as should_error
    from (
      
    
  
    
    



select academic_year_start
from `dfe-apprenticeships-2026`.`silver`.`stg_apprenticeships`
where academic_year_start is null



  
  
      
    ) dbt_internal_test
[0m01:36:09.042857 [debug] [Thread-2 (]: Opening a new connection, currently in state closed
[0m01:36:09.180334 [info ] [Thread-4 (]: 10 of 17 PASS not_null_fct_apprenticeship_headline_is_current .................. [[32mPASS[0m in 1.49s]
[0m01:36:09.181534 [debug] [Thread-4 (]: Finished running node test.dfe_apprenticeships.not_null_fct_apprenticeship_headline_is_current.7520dc729f
[0m01:36:09.182158 [debug] [Thread-4 (]: Began running node test.dfe_apprenticeships.not_null_stg_apprenticeships_aggregation_depth.c7894ea167
[0m01:36:09.182850 [info ] [Thread-4 (]: 14 of 17 START test not_null_stg_apprenticeships_aggregation_depth ............. [RUN]
[0m01:36:09.183724 [debug] [Thread-4 (]: Re-using an available connection from the pool (formerly test.dfe_apprenticeships.not_null_fct_apprenticeship_headline_is_current.7520dc729f, now test.dfe_apprenticeships.not_null_stg_apprenticeships_aggregation_depth.c7894ea167)
[0m01:36:09.184589 [debug] [Thread-4 (]: Began compiling node test.dfe_apprenticeships.not_null_stg_apprenticeships_aggregation_depth.c7894ea167
[0m01:36:09.195182 [debug] [Thread-4 (]: Writing injected SQL for node "test.dfe_apprenticeships.not_null_stg_apprenticeships_aggregation_depth.c7894ea167"
[0m01:36:09.196228 [debug] [Thread-4 (]: Began executing node test.dfe_apprenticeships.not_null_stg_apprenticeships_aggregation_depth.c7894ea167
[0m01:36:09.197932 [debug] [Thread-4 (]: Writing runtime sql for node "test.dfe_apprenticeships.not_null_stg_apprenticeships_aggregation_depth.c7894ea167"
[0m01:36:09.198633 [debug] [Thread-4 (]: On test.dfe_apprenticeships.not_null_stg_apprenticeships_aggregation_depth.c7894ea167: /* {"app": "dbt", "dbt_version": "1.12.3", "profile_name": "dfe_apprenticeships", "target_name": "dev", "node_id": "test.dfe_apprenticeships.not_null_stg_apprenticeships_aggregation_depth.c7894ea167"} */

    
    select
      count(*) as failures,
      count(*) != 0 as should_warn,
      count(*) != 0 as should_error
    from (
      
    
  
    
    



select aggregation_depth
from `dfe-apprenticeships-2026`.`silver`.`stg_apprenticeships`
where aggregation_depth is null



  
  
      
    ) dbt_internal_test
[0m01:36:09.199405 [debug] [Thread-4 (]: Opening a new connection, currently in state closed
[0m01:36:09.268276 [info ] [Thread-1 (]: 12 of 17 PASS not_null_fct_apprenticeship_headline_valid_from_seq .............. [[32mPASS[0m in 1.47s]
[0m01:36:09.269021 [debug] [Thread-1 (]: Finished running node test.dfe_apprenticeships.not_null_fct_apprenticeship_headline_valid_from_seq.f9d88a1046
[0m01:36:09.269430 [debug] [Thread-1 (]: Began running node test.dfe_apprenticeships.not_null_stg_apprenticeships_dataset_version.5bb5fe06d6
[0m01:36:09.269886 [info ] [Thread-1 (]: 15 of 17 START test not_null_stg_apprenticeships_dataset_version ............... [RUN]
[0m01:36:09.270417 [debug] [Thread-1 (]: Re-using an available connection from the pool (formerly test.dfe_apprenticeships.not_null_fct_apprenticeship_headline_valid_from_seq.f9d88a1046, now test.dfe_apprenticeships.not_null_stg_apprenticeships_dataset_version.5bb5fe06d6)
[0m01:36:09.270803 [debug] [Thread-1 (]: Began compiling node test.dfe_apprenticeships.not_null_stg_apprenticeships_dataset_version.5bb5fe06d6
[0m01:36:09.277226 [debug] [Thread-1 (]: Writing injected SQL for node "test.dfe_apprenticeships.not_null_stg_apprenticeships_dataset_version.5bb5fe06d6"
[0m01:36:09.278274 [debug] [Thread-1 (]: Began executing node test.dfe_apprenticeships.not_null_stg_apprenticeships_dataset_version.5bb5fe06d6
[0m01:36:09.279566 [debug] [Thread-1 (]: Writing runtime sql for node "test.dfe_apprenticeships.not_null_stg_apprenticeships_dataset_version.5bb5fe06d6"
[0m01:36:09.280154 [debug] [Thread-1 (]: On test.dfe_apprenticeships.not_null_stg_apprenticeships_dataset_version.5bb5fe06d6: /* {"app": "dbt", "dbt_version": "1.12.3", "profile_name": "dfe_apprenticeships", "target_name": "dev", "node_id": "test.dfe_apprenticeships.not_null_stg_apprenticeships_dataset_version.5bb5fe06d6"} */

    
    select
      count(*) as failures,
      count(*) != 0 as should_warn,
      count(*) != 0 as should_error
    from (
      
    
  
    
    



select dataset_version
from `dfe-apprenticeships-2026`.`silver`.`stg_apprenticeships`
where dataset_version is null



  
  
      
    ) dbt_internal_test
[0m01:36:09.280531 [debug] [Thread-1 (]: Opening a new connection, currently in state closed
[0m01:36:09.303152 [info ] [Thread-3 (]: 11 of 17 PASS not_null_fct_apprenticeship_headline_row_key ..................... [[32mPASS[0m in 1.59s]
[0m01:36:09.303747 [debug] [Thread-3 (]: Finished running node test.dfe_apprenticeships.not_null_fct_apprenticeship_headline_row_key.5d77d2d604
[0m01:36:09.304110 [debug] [Thread-3 (]: Began running node test.dfe_apprenticeships.not_null_stg_apprenticeships_row_key.82c4014b42
[0m01:36:09.304528 [info ] [Thread-3 (]: 16 of 17 START test not_null_stg_apprenticeships_row_key ....................... [RUN]
[0m01:36:09.304922 [debug] [Thread-3 (]: Re-using an available connection from the pool (formerly test.dfe_apprenticeships.not_null_fct_apprenticeship_headline_row_key.5d77d2d604, now test.dfe_apprenticeships.not_null_stg_apprenticeships_row_key.82c4014b42)
[0m01:36:09.305233 [debug] [Thread-3 (]: Began compiling node test.dfe_apprenticeships.not_null_stg_apprenticeships_row_key.82c4014b42
[0m01:36:09.310914 [debug] [Thread-3 (]: Writing injected SQL for node "test.dfe_apprenticeships.not_null_stg_apprenticeships_row_key.82c4014b42"
[0m01:36:09.311523 [debug] [Thread-3 (]: Began executing node test.dfe_apprenticeships.not_null_stg_apprenticeships_row_key.82c4014b42
[0m01:36:09.312714 [debug] [Thread-3 (]: Writing runtime sql for node "test.dfe_apprenticeships.not_null_stg_apprenticeships_row_key.82c4014b42"
[0m01:36:09.313446 [debug] [Thread-3 (]: On test.dfe_apprenticeships.not_null_stg_apprenticeships_row_key.82c4014b42: /* {"app": "dbt", "dbt_version": "1.12.3", "profile_name": "dfe_apprenticeships", "target_name": "dev", "node_id": "test.dfe_apprenticeships.not_null_stg_apprenticeships_row_key.82c4014b42"} */

    
    select
      count(*) as failures,
      count(*) != 0 as should_warn,
      count(*) != 0 as should_error
    from (
      
    
  
    
    



select row_key
from `dfe-apprenticeships-2026`.`silver`.`stg_apprenticeships`
where row_key is null



  
  
      
    ) dbt_internal_test
[0m01:36:09.313817 [debug] [Thread-3 (]: Opening a new connection, currently in state closed
[0m01:36:09.600971 [debug] [Thread-2 (]: BigQuery adapter: https://console.cloud.google.com/bigquery?project=dfe-apprenticeships-2026&j=bq:europe-west2:7190d631-6a67-437c-b867-66f7ac2ab032&page=queryresults
[0m01:36:09.832811 [debug] [Thread-4 (]: BigQuery adapter: https://console.cloud.google.com/bigquery?project=dfe-apprenticeships-2026&j=bq:europe-west2:601404a4-9257-463a-9784-fa024f2757b6&page=queryresults
[0m01:36:09.841178 [debug] [Thread-2 (]: SQL status: OK in 0.239 seconds
[0m01:36:09.872565 [debug] [Thread-3 (]: BigQuery adapter: https://console.cloud.google.com/bigquery?project=dfe-apprenticeships-2026&j=bq:europe-west2:4c3d6210-156b-4e7e-91bd-3c72c6ef0b80&page=queryresults
[0m01:36:09.914852 [debug] [Thread-1 (]: BigQuery adapter: https://console.cloud.google.com/bigquery?project=dfe-apprenticeships-2026&j=bq:europe-west2:d3e1a1f4-2674-4d7f-8706-8e9b4b4f021f&page=queryresults
[0m01:36:10.069030 [debug] [Thread-4 (]: SQL status: OK in 0.234 seconds
[0m01:36:10.118868 [debug] [Thread-3 (]: SQL status: OK in 0.245 seconds
[0m01:36:10.164895 [debug] [Thread-1 (]: SQL status: OK in 0.249 seconds
[0m01:36:10.307002 [info ] [Thread-2 (]: 13 of 17 PASS not_null_stg_apprenticeships_academic_year_start ................. [[32mPASS[0m in 1.28s]
[0m01:36:10.308905 [debug] [Thread-2 (]: Finished running node test.dfe_apprenticeships.not_null_stg_apprenticeships_academic_year_start.6be333a660
[0m01:36:10.311651 [debug] [Thread-2 (]: Began running node test.dfe_apprenticeships.relationships_stg_apprenticeships_dataset_version__version__ref_dataset_versions_.48c2eac999
[0m01:36:10.312704 [info ] [Thread-2 (]: 17 of 17 START test relationships_stg_apprenticeships_dataset_version__version__ref_dataset_versions_  [RUN]
[0m01:36:10.316735 [debug] [Thread-2 (]: Re-using an available connection from the pool (formerly test.dfe_apprenticeships.not_null_stg_apprenticeships_academic_year_start.6be333a660, now test.dfe_apprenticeships.relationships_stg_apprenticeships_dataset_version__version__ref_dataset_versions_.48c2eac999)
[0m01:36:10.320845 [debug] [Thread-2 (]: Began compiling node test.dfe_apprenticeships.relationships_stg_apprenticeships_dataset_version__version__ref_dataset_versions_.48c2eac999
[0m01:36:10.340349 [debug] [Thread-2 (]: Writing injected SQL for node "test.dfe_apprenticeships.relationships_stg_apprenticeships_dataset_version__version__ref_dataset_versions_.48c2eac999"
[0m01:36:10.341807 [debug] [Thread-2 (]: Began executing node test.dfe_apprenticeships.relationships_stg_apprenticeships_dataset_version__version__ref_dataset_versions_.48c2eac999
[0m01:36:10.343616 [debug] [Thread-2 (]: Writing runtime sql for node "test.dfe_apprenticeships.relationships_stg_apprenticeships_dataset_version__version__ref_dataset_versions_.48c2eac999"
[0m01:36:10.344534 [debug] [Thread-2 (]: On test.dfe_apprenticeships.relationships_stg_apprenticeships_dataset_version__version__ref_dataset_versions_.48c2eac999: /* {"app": "dbt", "dbt_version": "1.12.3", "profile_name": "dfe_apprenticeships", "target_name": "dev", "node_id": "test.dfe_apprenticeships.relationships_stg_apprenticeships_dataset_version__version__ref_dataset_versions_.48c2eac999"} */

    
    select
      count(*) as failures,
      count(*) != 0 as should_warn,
      count(*) != 0 as should_error
    from (
      
    
  
    
    

with child as (
    select dataset_version as from_field
    from `dfe-apprenticeships-2026`.`silver`.`stg_apprenticeships`
    where dataset_version is not null
),

parent as (
    select version as to_field
    from `dfe-apprenticeships-2026`.`silver`.`dataset_versions`
)

select
    from_field

from child
left join parent
    on child.from_field = parent.to_field

where parent.to_field is null



  
  
      
    ) dbt_internal_test
[0m01:36:10.344937 [debug] [Thread-2 (]: Opening a new connection, currently in state closed
[0m01:36:10.553681 [info ] [Thread-4 (]: 14 of 17 PASS not_null_stg_apprenticeships_aggregation_depth ................... [[32mPASS[0m in 1.37s]
[0m01:36:10.555097 [debug] [Thread-4 (]: Finished running node test.dfe_apprenticeships.not_null_stg_apprenticeships_aggregation_depth.c7894ea167
[0m01:36:10.574395 [info ] [Thread-3 (]: 16 of 17 PASS not_null_stg_apprenticeships_row_key ............................. [[32mPASS[0m in 1.27s]
[0m01:36:10.575553 [debug] [Thread-3 (]: Finished running node test.dfe_apprenticeships.not_null_stg_apprenticeships_row_key.82c4014b42
[0m01:36:10.655745 [info ] [Thread-1 (]: 15 of 17 PASS not_null_stg_apprenticeships_dataset_version ..................... [[32mPASS[0m in 1.39s]
[0m01:36:10.656879 [debug] [Thread-1 (]: Finished running node test.dfe_apprenticeships.not_null_stg_apprenticeships_dataset_version.5bb5fe06d6
[0m01:36:11.095630 [debug] [Thread-2 (]: BigQuery adapter: https://console.cloud.google.com/bigquery?project=dfe-apprenticeships-2026&j=bq:europe-west2:5327a370-758f-414f-99f4-e3fb9662d4b3&page=queryresults
[0m01:36:11.348723 [debug] [Thread-2 (]: SQL status: OK in 0.252 seconds
[0m01:36:11.772624 [info ] [Thread-2 (]: 17 of 17 PASS relationships_stg_apprenticeships_dataset_version__version__ref_dataset_versions_  [[32mPASS[0m in 1.46s]
[0m01:36:11.773851 [debug] [Thread-2 (]: Finished running node test.dfe_apprenticeships.relationships_stg_apprenticeships_dataset_version__version__ref_dataset_versions_.48c2eac999
[0m01:36:11.775776 [debug] [MainThread]: Opening a new connection, currently in state closed
[0m01:36:11.777149 [debug] [MainThread]: Connection 'master' was properly closed.
[0m01:36:11.777581 [debug] [MainThread]: Connection 'test.dfe_apprenticeships.not_null_stg_apprenticeships_dataset_version.5bb5fe06d6' was properly closed.
[0m01:36:11.777943 [debug] [MainThread]: Connection 'test.dfe_apprenticeships.relationships_stg_apprenticeships_dataset_version__version__ref_dataset_versions_.48c2eac999' was properly closed.
[0m01:36:11.778368 [debug] [MainThread]: Connection 'test.dfe_apprenticeships.not_null_stg_apprenticeships_row_key.82c4014b42' was properly closed.
[0m01:36:11.778724 [debug] [MainThread]: Connection 'test.dfe_apprenticeships.not_null_stg_apprenticeships_aggregation_depth.c7894ea167' was properly closed.
[0m01:36:11.779257 [info ] [MainThread]: 
[0m01:36:11.779626 [info ] [MainThread]: Finished running 17 data tests in 0 hours 0 minutes and 8.82 seconds (8.82s).
[0m01:36:11.782811 [debug] [MainThread]: Command end result
[0m01:36:11.836170 [debug] [MainThread]: Wrote artifact WritableManifest to /Users/saitejasunku/dev/dfe-apprenticeships-pipeline/dbt/target/manifest.json
[0m01:36:11.838751 [debug] [MainThread]: Wrote artifact SemanticManifest to /Users/saitejasunku/dev/dfe-apprenticeships-pipeline/dbt/target/semantic_manifest.json
[0m01:36:11.840923 [debug] [MainThread]: Wrote artifact OsiDocument to /Users/saitejasunku/dev/dfe-apprenticeships-pipeline/dbt/target/osi_document.json
[0m01:36:11.848201 [debug] [MainThread]: Wrote artifact RunExecutionResult to /Users/saitejasunku/dev/dfe-apprenticeships-pipeline/dbt/target/run_results.json
[0m01:36:11.848584 [info ] [MainThread]: 
[0m01:36:11.848906 [info ] [MainThread]: [31mCompleted with 1 error, 0 partial successes, and 0 warnings:[0m
[0m01:36:11.849187 [info ] [MainThread]: 
[0m01:36:11.849500 [error] [MainThread]: [[31mERROR[0m]: in test assert_detail_grain_reconciles_to_published_total (tests/assert_detail_grain_reconciles_to_published_total.sql)
[0m01:36:11.849798 [error] [MainThread]:   Got 7 results, configured to fail if != 0
[0m01:36:11.850028 [info ] [MainThread]: 
[0m01:36:11.850304 [info ] [MainThread]:   compiled code at target/compiled/dfe_apprenticeships/tests/assert_detail_grain_reconciles_to_published_total.sql
[0m01:36:11.850560 [info ] [MainThread]: 
[0m01:36:11.850824 [info ] [MainThread]: Done. PASS=16 WARN=0 ERROR=1 SKIP=0 NO-OP=0 REUSED=0 TOTAL=17
[0m01:36:11.851324 [warn ] [MainThread]: [[33mWARNING[0m][DeprecationsSummary]: Deprecated functionality
Summary of encountered deprecations:
- MissingArgumentsPropertyInGenericTestDeprecation: 8 occurrences
To see all deprecation instances instead of just the first occurrence of each,
run command again with the `--show-all-deprecations` flag. You may also need to
run with `--no-partial-parse` as some deprecations are only encountered during
parsing.
[0m01:36:11.856025 [debug] [MainThread]: Resource report: {"command_name": "test", "command_success": false, "command_wall_clock_time": 12.680009, "process_in_blocks": "0", "process_kernel_time": 0.642476, "process_mem_max_rss": "257327104", "process_out_blocks": "0", "process_user_time": 5.179209}
[0m01:36:11.856459 [debug] [MainThread]: Command `dbt test` failed at 01:36:11.856381 after 12.68 seconds
[0m01:36:11.856783 [debug] [MainThread]: Sending event: {'category': 'dbt', 'action': 'invocation', 'label': 'end', 'context': [<snowplow_tracker.self_describing_json.SelfDescribingJson object at 0x1085384c0>, <snowplow_tracker.self_describing_json.SelfDescribingJson object at 0x106cc9750>, <snowplow_tracker.self_describing_json.SelfDescribingJson object at 0x11906d060>]}
[0m01:36:11.857103 [debug] [MainThread]: Flushing usage events
[0m01:36:12.195459 [debug] [MainThread]: An error was encountered while trying to flush usage events
[0m01:37:09.197435 [debug] [MainThread]: Sending event: {'category': 'dbt', 'action': 'invocation', 'label': 'start', 'context': [<snowplow_tracker.self_describing_json.SelfDescribingJson object at 0x103df85b0>, <snowplow_tracker.self_describing_json.SelfDescribingJson object at 0x1053bd840>, <snowplow_tracker.self_describing_json.SelfDescribingJson object at 0x1053bdf60>]}


============================== 01:37:09.204242 | ad2a44b0-5818-4dcd-bad0-0ee892506691 ==============================
[0m01:37:09.204242 [info ] [MainThread]: Running with dbt=1.12.3
[0m01:37:09.204800 [debug] [MainThread]: running dbt with arguments {'quiet': 'False', 'hints_enabled': 'True', 'empty': 'None', 'log_format': 'default', 'use_colors': 'True', 'static_parser': 'True', 'log_path': '/Users/saitejasunku/dev/dfe-apprenticeships-pipeline/dbt/logs', 'use_experimental_parser': 'False', 'version_check': 'True', 'warn_error': 'None', 'target_path': 'None', 'log_cache_events': 'False', 'write_json': 'True', 'indirect_selection': 'eager', 'partial_parse': 'True', 'cache_selected_only': 'False', 'maximum_seed_size_mib': '1', 'invocation_command': 'dbt test', 'send_anonymous_usage_stats': 'True', 'introspect': 'True', 'warn_error_options': 'WarnErrorOptionsV2(error=[], warn=[], silence=[])', 'printer_width': '80', 'debug': 'False', 'fail_fast': 'False', 'profiles_dir': '/Users/saitejasunku/dev/dfe-apprenticeships-pipeline/dbt', 'no_print': 'None'}
[0m01:37:10.557360 [debug] [MainThread]: Sending event: {'category': 'dbt', 'action': 'project_id', 'label': 'ad2a44b0-5818-4dcd-bad0-0ee892506691', 'context': [<snowplow_tracker.self_describing_json.SelfDescribingJson object at 0x105100cd0>]}
[0m01:37:10.610160 [debug] [MainThread]: Sending event: {'category': 'dbt', 'action': 'adapter_info', 'label': 'ad2a44b0-5818-4dcd-bad0-0ee892506691', 'context': [<snowplow_tracker.self_describing_json.SelfDescribingJson object at 0x10530be80>]}
[0m01:37:10.610961 [info ] [MainThread]: Registered adapter: bigquery=1.12.0
[0m01:37:10.761337 [debug] [MainThread]: checksum: bb6e37aa7c22dced2fca8823c27fc430dacd6c63a1bb04c7ae77561e073a3fe6, vars: {}, profile: dfe_apprenticeships, target: dev, version: 1.12.3
[0m01:37:11.037552 [debug] [MainThread]: Partial parsing enabled: 0 files deleted, 0 files added, 1 files changed.
[0m01:37:11.038228 [debug] [MainThread]: Partial parsing: updated file: dfe_apprenticeships://tests/assert_detail_grain_reconciles_to_published_total.sql
[0m01:37:11.231109 [debug] [MainThread]: Sending event: {'category': 'dbt', 'action': 'load_project', 'label': 'ad2a44b0-5818-4dcd-bad0-0ee892506691', 'context': [<snowplow_tracker.self_describing_json.SelfDescribingJson object at 0x1144ecdf0>]}
[0m01:37:11.378492 [debug] [MainThread]: Wrote artifact WritableManifest to /Users/saitejasunku/dev/dfe-apprenticeships-pipeline/dbt/target/manifest.json
[0m01:37:11.381646 [debug] [MainThread]: Wrote artifact SemanticManifest to /Users/saitejasunku/dev/dfe-apprenticeships-pipeline/dbt/target/semantic_manifest.json
[0m01:37:11.397696 [debug] [MainThread]: Wrote artifact OsiDocument to /Users/saitejasunku/dev/dfe-apprenticeships-pipeline/dbt/target/osi_document.json
[0m01:37:11.415150 [debug] [MainThread]: Sending event: {'category': 'dbt', 'action': 'resource_counts', 'label': 'ad2a44b0-5818-4dcd-bad0-0ee892506691', 'context': [<snowplow_tracker.self_describing_json.SelfDescribingJson object at 0x114f4e740>]}
[0m01:37:11.415853 [info ] [MainThread]: Found 2 models, 17 data tests, 1 seed, 1 source, 681 macros
[0m01:37:11.416226 [debug] [MainThread]: Sending event: {'category': 'dbt', 'action': 'runnable_timing', 'label': 'ad2a44b0-5818-4dcd-bad0-0ee892506691', 'context': [<snowplow_tracker.self_describing_json.SelfDescribingJson object at 0x114f4df30>]}
[0m01:37:11.418239 [info ] [MainThread]: 
[0m01:37:11.418559 [info ] [MainThread]: Concurrency: 4 threads (target='dev')
[0m01:37:11.418808 [info ] [MainThread]: 
[0m01:37:11.419252 [debug] [MainThread]: Acquiring new bigquery connection 'master'
[0m01:37:11.423063 [debug] [ThreadPool]: Acquiring new bigquery connection 'list_dfe-apprenticeships-2026_silver'
[0m01:37:11.423427 [debug] [ThreadPool]: Opening a new connection, currently in state init
[0m01:37:11.423828 [debug] [ThreadPool]: Acquiring new bigquery connection 'list_dfe-apprenticeships-2026_gold'
[0m01:37:11.424275 [debug] [ThreadPool]: Opening a new connection, currently in state init
[0m01:37:13.056242 [debug] [MainThread]: Sending event: {'category': 'dbt', 'action': 'runnable_timing', 'label': 'ad2a44b0-5818-4dcd-bad0-0ee892506691', 'context': [<snowplow_tracker.self_describing_json.SelfDescribingJson object at 0x114402650>]}
[0m01:37:13.057672 [debug] [MainThread]: Opening a new connection, currently in state init
[0m01:37:13.064051 [debug] [Thread-1 (]: Began running node test.dfe_apprenticeships.accepted_values_stg_apprenticeships_achievements_percent_status__published__suppressed_low__suppressed_confidential__not_applicable__missing.d3fa4afdcc
[0m01:37:13.064816 [debug] [Thread-2 (]: Began running node test.dfe_apprenticeships.accepted_values_stg_apprenticeships_aggregation_depth__False__0__1__2__3__4__5.87f93291ef
[0m01:37:13.065416 [debug] [Thread-3 (]: Began running node test.dfe_apprenticeships.accepted_values_stg_apprenticeships_participation_count_status__published__suppressed_low__suppressed_confidential__not_applicable__missing.cb6b7a60f9
[0m01:37:13.066376 [debug] [Thread-4 (]: Began running node test.dfe_apprenticeships.accepted_values_stg_apprenticeships_start_count_status__published__suppressed_low__suppressed_confidential__not_applicable__missing.ff7c8e3604
[0m01:37:13.065979 [info ] [Thread-1 (]: 1 of 17 START test accepted_values_stg_apprenticeships_achievements_percent_status__published__suppressed_low__suppressed_confidential__not_applicable__missing  [RUN]
[0m01:37:13.066959 [info ] [Thread-2 (]: 2 of 17 START test accepted_values_stg_apprenticeships_aggregation_depth__False__0__1__2__3__4__5  [RUN]
[0m01:37:13.067530 [info ] [Thread-3 (]: 3 of 17 START test accepted_values_stg_apprenticeships_participation_count_status__published__suppressed_low__suppressed_confidential__not_applicable__missing  [RUN]
[0m01:37:13.068333 [info ] [Thread-4 (]: 4 of 17 START test accepted_values_stg_apprenticeships_start_count_status__published__suppressed_low__suppressed_confidential__not_applicable__missing  [RUN]
[0m01:37:13.069132 [debug] [Thread-1 (]: Re-using an available connection from the pool (formerly list_dfe-apprenticeships-2026_silver, now test.dfe_apprenticeships.accepted_values_stg_apprenticeships_achievements_percent_status__published__suppressed_low__suppressed_confidential__not_applicable__missing.d3fa4afdcc)
[0m01:37:13.069660 [debug] [Thread-2 (]: Re-using an available connection from the pool (formerly list_dfe-apprenticeships-2026_gold, now test.dfe_apprenticeships.accepted_values_stg_apprenticeships_aggregation_depth__False__0__1__2__3__4__5.87f93291ef)
[0m01:37:13.070259 [debug] [Thread-3 (]: Acquiring new bigquery connection 'test.dfe_apprenticeships.accepted_values_stg_apprenticeships_participation_count_status__published__suppressed_low__suppressed_confidential__not_applicable__missing.cb6b7a60f9'
[0m01:37:13.070800 [debug] [Thread-4 (]: Acquiring new bigquery connection 'test.dfe_apprenticeships.accepted_values_stg_apprenticeships_start_count_status__published__suppressed_low__suppressed_confidential__not_applicable__missing.ff7c8e3604'
[0m01:37:13.071240 [debug] [Thread-1 (]: Began compiling node test.dfe_apprenticeships.accepted_values_stg_apprenticeships_achievements_percent_status__published__suppressed_low__suppressed_confidential__not_applicable__missing.d3fa4afdcc
[0m01:37:13.071652 [debug] [Thread-2 (]: Began compiling node test.dfe_apprenticeships.accepted_values_stg_apprenticeships_aggregation_depth__False__0__1__2__3__4__5.87f93291ef
[0m01:37:13.071993 [debug] [Thread-3 (]: Began compiling node test.dfe_apprenticeships.accepted_values_stg_apprenticeships_participation_count_status__published__suppressed_low__suppressed_confidential__not_applicable__missing.cb6b7a60f9
[0m01:37:13.072310 [debug] [Thread-4 (]: Began compiling node test.dfe_apprenticeships.accepted_values_stg_apprenticeships_start_count_status__published__suppressed_low__suppressed_confidential__not_applicable__missing.ff7c8e3604
[0m01:37:13.102982 [debug] [Thread-2 (]: Writing injected SQL for node "test.dfe_apprenticeships.accepted_values_stg_apprenticeships_aggregation_depth__False__0__1__2__3__4__5.87f93291ef"
[0m01:37:13.113811 [debug] [Thread-1 (]: Writing injected SQL for node "test.dfe_apprenticeships.accepted_values_stg_apprenticeships_achievements_percent_status__published__suppressed_low__suppressed_confidential__not_applicable__missing.d3fa4afdcc"
[0m01:37:13.119200 [debug] [Thread-3 (]: Writing injected SQL for node "test.dfe_apprenticeships.accepted_values_stg_apprenticeships_participation_count_status__published__suppressed_low__suppressed_confidential__not_applicable__missing.cb6b7a60f9"
[0m01:37:13.124272 [debug] [Thread-4 (]: Writing injected SQL for node "test.dfe_apprenticeships.accepted_values_stg_apprenticeships_start_count_status__published__suppressed_low__suppressed_confidential__not_applicable__missing.ff7c8e3604"
[0m01:37:13.125926 [debug] [Thread-3 (]: Began executing node test.dfe_apprenticeships.accepted_values_stg_apprenticeships_participation_count_status__published__suppressed_low__suppressed_confidential__not_applicable__missing.cb6b7a60f9
[0m01:37:13.126312 [debug] [Thread-1 (]: Began executing node test.dfe_apprenticeships.accepted_values_stg_apprenticeships_achievements_percent_status__published__suppressed_low__suppressed_confidential__not_applicable__missing.d3fa4afdcc
[0m01:37:13.126673 [debug] [Thread-2 (]: Began executing node test.dfe_apprenticeships.accepted_values_stg_apprenticeships_aggregation_depth__False__0__1__2__3__4__5.87f93291ef
[0m01:37:13.126967 [debug] [Thread-4 (]: Began executing node test.dfe_apprenticeships.accepted_values_stg_apprenticeships_start_count_status__published__suppressed_low__suppressed_confidential__not_applicable__missing.ff7c8e3604
[0m01:37:13.146152 [debug] [Thread-1 (]: Writing runtime sql for node "test.dfe_apprenticeships.accepted_values_stg_apprenticeships_achievements_percent_status__published__suppressed_low__suppressed_confidential__not_applicable__missing.d3fa4afdcc"
[0m01:37:13.146410 [debug] [Thread-3 (]: Writing runtime sql for node "test.dfe_apprenticeships.accepted_values_stg_apprenticeships_participation_count_status__published__suppressed_low__suppressed_confidential__not_applicable__missing.cb6b7a60f9"
[0m01:37:13.147582 [debug] [Thread-2 (]: Writing runtime sql for node "test.dfe_apprenticeships.accepted_values_stg_apprenticeships_aggregation_depth__False__0__1__2__3__4__5.87f93291ef"
[0m01:37:13.149071 [debug] [Thread-4 (]: Writing runtime sql for node "test.dfe_apprenticeships.accepted_values_stg_apprenticeships_start_count_status__published__suppressed_low__suppressed_confidential__not_applicable__missing.ff7c8e3604"
[0m01:37:13.150517 [debug] [Thread-1 (]: On test.dfe_apprenticeships.accepted_values_stg_apprenticeships_achievements_percent_status__published__suppressed_low__suppressed_confidential__not_applicable__missing.d3fa4afdcc: /* {"app": "dbt", "dbt_version": "1.12.3", "profile_name": "dfe_apprenticeships", "target_name": "dev", "node_id": "test.dfe_apprenticeships.accepted_values_stg_apprenticeships_achievements_percent_status__published__suppressed_low__suppressed_confidential__not_applicable__missing.d3fa4afdcc"} */

    
    select
      count(*) as failures,
      count(*) != 0 as should_warn,
      count(*) != 0 as should_error
    from (
      
    
  
    
    

with all_values as (

    select
        achievements_percent_status as value_field,
        count(*) as n_records

    from `dfe-apprenticeships-2026`.`silver`.`stg_apprenticeships`
    group by achievements_percent_status

)

select *
from all_values
where value_field not in (
    'published','suppressed_low','suppressed_confidential','not_applicable','missing'
)



  
  
      
    ) dbt_internal_test
[0m01:37:13.151047 [debug] [Thread-2 (]: On test.dfe_apprenticeships.accepted_values_stg_apprenticeships_aggregation_depth__False__0__1__2__3__4__5.87f93291ef: /* {"app": "dbt", "dbt_version": "1.12.3", "profile_name": "dfe_apprenticeships", "target_name": "dev", "node_id": "test.dfe_apprenticeships.accepted_values_stg_apprenticeships_aggregation_depth__False__0__1__2__3__4__5.87f93291ef"} */

    
    select
      count(*) as failures,
      count(*) != 0 as should_warn,
      count(*) != 0 as should_error
    from (
      
    
  
    
    

with all_values as (

    select
        aggregation_depth as value_field,
        count(*) as n_records

    from `dfe-apprenticeships-2026`.`silver`.`stg_apprenticeships`
    group by aggregation_depth

)

select *
from all_values
where value_field not in (
    0,1,2,3,4,5
)



  
  
      
    ) dbt_internal_test
[0m01:37:13.151479 [debug] [Thread-3 (]: On test.dfe_apprenticeships.accepted_values_stg_apprenticeships_participation_count_status__published__suppressed_low__suppressed_confidential__not_applicable__missing.cb6b7a60f9: /* {"app": "dbt", "dbt_version": "1.12.3", "profile_name": "dfe_apprenticeships", "target_name": "dev", "node_id": "test.dfe_apprenticeships.accepted_values_stg_apprenticeships_participation_count_status__published__suppressed_low__suppressed_confidential__not_applicable__missing.cb6b7a60f9"} */

    
    select
      count(*) as failures,
      count(*) != 0 as should_warn,
      count(*) != 0 as should_error
    from (
      
    
  
    
    

with all_values as (

    select
        participation_count_status as value_field,
        count(*) as n_records

    from `dfe-apprenticeships-2026`.`silver`.`stg_apprenticeships`
    group by participation_count_status

)

select *
from all_values
where value_field not in (
    'published','suppressed_low','suppressed_confidential','not_applicable','missing'
)



  
  
      
    ) dbt_internal_test
[0m01:37:13.151856 [debug] [Thread-1 (]: Opening a new connection, currently in state closed
[0m01:37:13.152180 [debug] [Thread-4 (]: On test.dfe_apprenticeships.accepted_values_stg_apprenticeships_start_count_status__published__suppressed_low__suppressed_confidential__not_applicable__missing.ff7c8e3604: /* {"app": "dbt", "dbt_version": "1.12.3", "profile_name": "dfe_apprenticeships", "target_name": "dev", "node_id": "test.dfe_apprenticeships.accepted_values_stg_apprenticeships_start_count_status__published__suppressed_low__suppressed_confidential__not_applicable__missing.ff7c8e3604"} */

    
    select
      count(*) as failures,
      count(*) != 0 as should_warn,
      count(*) != 0 as should_error
    from (
      
    
  
    
    

with all_values as (

    select
        start_count_status as value_field,
        count(*) as n_records

    from `dfe-apprenticeships-2026`.`silver`.`stg_apprenticeships`
    group by start_count_status

)

select *
from all_values
where value_field not in (
    'published','suppressed_low','suppressed_confidential','not_applicable','missing'
)



  
  
      
    ) dbt_internal_test
[0m01:37:13.152518 [debug] [Thread-2 (]: Opening a new connection, currently in state closed
[0m01:37:13.152834 [debug] [Thread-3 (]: Opening a new connection, currently in state init
[0m01:37:13.154528 [debug] [Thread-4 (]: Opening a new connection, currently in state init
[0m01:37:13.775588 [debug] [Thread-2 (]: BigQuery adapter: https://console.cloud.google.com/bigquery?project=dfe-apprenticeships-2026&j=bq:europe-west2:fa239e71-c3c3-4ea2-8d9f-af6e83286daf&page=queryresults
[0m01:37:13.777651 [debug] [Thread-1 (]: BigQuery adapter: https://console.cloud.google.com/bigquery?project=dfe-apprenticeships-2026&j=bq:europe-west2:2534c91b-931c-41f2-b04a-bdc0c9cf8b83&page=queryresults
[0m01:37:13.779344 [debug] [Thread-3 (]: BigQuery adapter: https://console.cloud.google.com/bigquery?project=dfe-apprenticeships-2026&j=bq:europe-west2:93905ff2-df87-4373-85e5-cbd3d3a24416&page=queryresults
[0m01:37:13.780011 [debug] [Thread-4 (]: BigQuery adapter: https://console.cloud.google.com/bigquery?project=dfe-apprenticeships-2026&j=bq:europe-west2:4288755e-a756-40a2-b130-edca9049b541&page=queryresults
[0m01:37:14.035557 [debug] [Thread-2 (]: SQL status: OK in 0.257 seconds
[0m01:37:14.045283 [debug] [Thread-1 (]: SQL status: OK in 0.264 seconds
[0m01:37:14.047059 [debug] [Thread-3 (]: SQL status: OK in 0.265 seconds
[0m01:37:14.054242 [debug] [Thread-4 (]: SQL status: OK in 0.271 seconds
[0m01:37:14.594519 [info ] [Thread-2 (]: 2 of 17 PASS accepted_values_stg_apprenticeships_aggregation_depth__False__0__1__2__3__4__5  [[32mPASS[0m in 1.52s]
[0m01:37:14.595725 [debug] [Thread-2 (]: Finished running node test.dfe_apprenticeships.accepted_values_stg_apprenticeships_aggregation_depth__False__0__1__2__3__4__5.87f93291ef
[0m01:37:14.596336 [debug] [Thread-2 (]: Began running node test.dfe_apprenticeships.assert_current_matches_latest_version
[0m01:37:14.596940 [info ] [Thread-2 (]: 5 of 17 START test assert_current_matches_latest_version ....................... [RUN]
[0m01:37:14.597613 [debug] [Thread-2 (]: Re-using an available connection from the pool (formerly test.dfe_apprenticeships.accepted_values_stg_apprenticeships_aggregation_depth__False__0__1__2__3__4__5.87f93291ef, now test.dfe_apprenticeships.assert_current_matches_latest_version)
[0m01:37:14.598024 [debug] [Thread-2 (]: Began compiling node test.dfe_apprenticeships.assert_current_matches_latest_version
[0m01:37:14.601812 [debug] [Thread-2 (]: Writing injected SQL for node "test.dfe_apprenticeships.assert_current_matches_latest_version"
[0m01:37:14.603904 [debug] [Thread-2 (]: Began executing node test.dfe_apprenticeships.assert_current_matches_latest_version
[0m01:37:14.606141 [debug] [Thread-2 (]: Writing runtime sql for node "test.dfe_apprenticeships.assert_current_matches_latest_version"
[0m01:37:14.609302 [debug] [Thread-2 (]: On test.dfe_apprenticeships.assert_current_matches_latest_version: /* {"app": "dbt", "dbt_version": "1.12.3", "profile_name": "dfe_apprenticeships", "target_name": "dev", "node_id": "test.dfe_apprenticeships.assert_current_matches_latest_version"} */

    
    select
      count(*) as failures,
      count(*) != 0 as should_warn,
      count(*) != 0 as should_error
    from (
      
    
  -- The set of is_current records must be exactly the newest published version.
-- If SCD-2 validity intervals are wrong, this drifts immediately.
-- Returns rows on failure.

with current_count as (
    select count(*) as n
    from `dfe-apprenticeships-2026`.`gold`.`fct_apprenticeship_headline`
    where is_current
),
expected as (
    select total_results as n
    from `dfe-apprenticeships-2026`.`silver`.`dataset_versions`
    qualify row_number() over (order by version_seq desc) = 1
)
select
    c.n as current_records,
    e.n as expected_records
from current_count c
cross join expected e
where c.n != e.n
  
  
      
    ) dbt_internal_test
[0m01:37:14.608914 [info ] [Thread-1 (]: 1 of 17 PASS accepted_values_stg_apprenticeships_achievements_percent_status__published__suppressed_low__suppressed_confidential__not_applicable__missing  [[32mPASS[0m in 1.54s]
[0m01:37:14.609863 [debug] [Thread-2 (]: Opening a new connection, currently in state closed
[0m01:37:14.610413 [debug] [Thread-1 (]: Finished running node test.dfe_apprenticeships.accepted_values_stg_apprenticeships_achievements_percent_status__published__suppressed_low__suppressed_confidential__not_applicable__missing.d3fa4afdcc
[0m01:37:14.611286 [debug] [Thread-1 (]: Began running node test.dfe_apprenticeships.assert_detail_grain_reconciles_to_published_total
[0m01:37:14.611703 [info ] [Thread-1 (]: 6 of 17 START test assert_detail_grain_reconciles_to_published_total ........... [RUN]
[0m01:37:14.612465 [debug] [Thread-1 (]: Re-using an available connection from the pool (formerly test.dfe_apprenticeships.accepted_values_stg_apprenticeships_achievements_percent_status__published__suppressed_low__suppressed_confidential__not_applicable__missing.d3fa4afdcc, now test.dfe_apprenticeships.assert_detail_grain_reconciles_to_published_total)
[0m01:37:14.612825 [debug] [Thread-1 (]: Began compiling node test.dfe_apprenticeships.assert_detail_grain_reconciles_to_published_total
[0m01:37:14.614840 [debug] [Thread-1 (]: Writing injected SQL for node "test.dfe_apprenticeships.assert_detail_grain_reconciles_to_published_total"
[0m01:37:14.616535 [debug] [Thread-1 (]: Began executing node test.dfe_apprenticeships.assert_detail_grain_reconciles_to_published_total
[0m01:37:14.618334 [debug] [Thread-1 (]: Writing runtime sql for node "test.dfe_apprenticeships.assert_detail_grain_reconciles_to_published_total"
[0m01:37:14.618998 [debug] [Thread-1 (]: On test.dfe_apprenticeships.assert_detail_grain_reconciles_to_published_total: /* {"app": "dbt", "dbt_version": "1.12.3", "profile_name": "dfe_apprenticeships", "target_name": "dev", "node_id": "test.dfe_apprenticeships.assert_detail_grain_reconciles_to_published_total"} */

    
    select
      count(*) as failures,
      count(*) != 0 as should_warn,
      count(*) != 0 as should_error
    from (
      
    
  -- Summing detail-grain rows must reproduce the publisher's grand total to
-- within rounding tolerance.
--
-- WHY NOT EXACT: every published figure is rounded to the nearest 10 as part
-- of DfE's statistical disclosure control (verified: 42,045/42,045 published
-- start_count values are multiples of 10, minimum 10). Summing ~122
-- independently-rounded detail values cannot equal an independently-rounded
-- grand total. Expected error is roughly 5*sqrt(n) ~ 55 for n=122; observed
-- differences across the nine years are 0-90.
--
-- The tolerance is set at 0.1% of the published total (~350 on a 350,000
-- base) -- comfortably above rounding noise, but far below the ~24x error a
-- genuine aggregation_depth bug would produce.
--
-- Returns rows on failure.

with detail as (
    select
        academic_year_start,
        sum(start_count) as detail_starts
    from `dfe-apprenticeships-2026`.`gold`.`fct_apprenticeship_headline`
    where is_current
      and geographic_level = 'National'
      and is_detail_grain
    group by academic_year_start
),
published as (
    select
        academic_year_start,
        start_count as published_starts
    from `dfe-apprenticeships-2026`.`gold`.`fct_apprenticeship_headline`
    where is_current
      and geographic_level = 'National'
      and aggregation_depth = 5
      and start_count is not null
)
select
    p.academic_year_start,
    d.detail_starts,
    p.published_starts,
    d.detail_starts - p.published_starts as difference,
    safe_divide(abs(d.detail_starts - p.published_starts), p.published_starts) as rel_error
from published p
join detail d using (academic_year_start)
where safe_divide(abs(d.detail_starts - p.published_starts), p.published_starts) > 0.001
  
  
      
    ) dbt_internal_test
[0m01:37:14.619438 [debug] [Thread-1 (]: Opening a new connection, currently in state closed
[0m01:37:14.628462 [info ] [Thread-3 (]: 3 of 17 PASS accepted_values_stg_apprenticeships_participation_count_status__published__suppressed_low__suppressed_confidential__not_applicable__missing  [[32mPASS[0m in 1.56s]
[0m01:37:14.628957 [debug] [Thread-3 (]: Finished running node test.dfe_apprenticeships.accepted_values_stg_apprenticeships_participation_count_status__published__suppressed_low__suppressed_confidential__not_applicable__missing.cb6b7a60f9
[0m01:37:14.629289 [debug] [Thread-3 (]: Began running node test.dfe_apprenticeships.dbt_utils_accepted_range_stg_apprenticeships_academic_year_start__2030__2017.b6d810965b
[0m01:37:14.629630 [info ] [Thread-3 (]: 7 of 17 START test dbt_utils_accepted_range_stg_apprenticeships_academic_year_start__2030__2017  [RUN]
[0m01:37:14.629984 [debug] [Thread-3 (]: Re-using an available connection from the pool (formerly test.dfe_apprenticeships.accepted_values_stg_apprenticeships_participation_count_status__published__suppressed_low__suppressed_confidential__not_applicable__missing.cb6b7a60f9, now test.dfe_apprenticeships.dbt_utils_accepted_range_stg_apprenticeships_academic_year_start__2030__2017.b6d810965b)
[0m01:37:14.630290 [debug] [Thread-3 (]: Began compiling node test.dfe_apprenticeships.dbt_utils_accepted_range_stg_apprenticeships_academic_year_start__2030__2017.b6d810965b
[0m01:37:14.639291 [debug] [Thread-3 (]: Writing injected SQL for node "test.dfe_apprenticeships.dbt_utils_accepted_range_stg_apprenticeships_academic_year_start__2030__2017.b6d810965b"
[0m01:37:14.640079 [debug] [Thread-3 (]: Began executing node test.dfe_apprenticeships.dbt_utils_accepted_range_stg_apprenticeships_academic_year_start__2030__2017.b6d810965b
[0m01:37:14.641357 [debug] [Thread-3 (]: Writing runtime sql for node "test.dfe_apprenticeships.dbt_utils_accepted_range_stg_apprenticeships_academic_year_start__2030__2017.b6d810965b"
[0m01:37:14.641897 [debug] [Thread-3 (]: On test.dfe_apprenticeships.dbt_utils_accepted_range_stg_apprenticeships_academic_year_start__2030__2017.b6d810965b: /* {"app": "dbt", "dbt_version": "1.12.3", "profile_name": "dfe_apprenticeships", "target_name": "dev", "node_id": "test.dfe_apprenticeships.dbt_utils_accepted_range_stg_apprenticeships_academic_year_start__2030__2017.b6d810965b"} */

    
    select
      count(*) as failures,
      count(*) != 0 as should_warn,
      count(*) != 0 as should_error
    from (
      
    
  

with meet_condition as(
  select *
  from `dfe-apprenticeships-2026`.`silver`.`stg_apprenticeships`
),

validation_errors as (
  select *
  from meet_condition
  where
    -- never true, defaults to an empty result set. Exists to ensure any combo of the `or` clauses below succeeds
    1 = 2
    -- records with a value >= min_value are permitted. The `not` flips this to find records that don't meet the rule.
    or not academic_year_start >= 2017
    -- records with a value <= max_value are permitted. The `not` flips this to find records that don't meet the rule.
    or not academic_year_start <= 2030
)

select *
from validation_errors


  
  
      
    ) dbt_internal_test
[0m01:37:14.642280 [debug] [Thread-3 (]: Opening a new connection, currently in state closed
[0m01:37:14.685921 [info ] [Thread-4 (]: 4 of 17 PASS accepted_values_stg_apprenticeships_start_count_status__published__suppressed_low__suppressed_confidential__not_applicable__missing  [[32mPASS[0m in 1.62s]
[0m01:37:14.686504 [debug] [Thread-4 (]: Finished running node test.dfe_apprenticeships.accepted_values_stg_apprenticeships_start_count_status__published__suppressed_low__suppressed_confidential__not_applicable__missing.ff7c8e3604
[0m01:37:14.686848 [debug] [Thread-4 (]: Began running node test.dfe_apprenticeships.dbt_utils_unique_combination_of_columns_fct_apprenticeship_headline_row_key__valid_from_seq.15161f8a56
[0m01:37:14.687225 [info ] [Thread-4 (]: 8 of 17 START test dbt_utils_unique_combination_of_columns_fct_apprenticeship_headline_row_key__valid_from_seq  [RUN]
[0m01:37:14.687636 [debug] [Thread-4 (]: Re-using an available connection from the pool (formerly test.dfe_apprenticeships.accepted_values_stg_apprenticeships_start_count_status__published__suppressed_low__suppressed_confidential__not_applicable__missing.ff7c8e3604, now test.dfe_apprenticeships.dbt_utils_unique_combination_of_columns_fct_apprenticeship_headline_row_key__valid_from_seq.15161f8a56)
[0m01:37:14.687953 [debug] [Thread-4 (]: Began compiling node test.dfe_apprenticeships.dbt_utils_unique_combination_of_columns_fct_apprenticeship_headline_row_key__valid_from_seq.15161f8a56
[0m01:37:14.704633 [debug] [Thread-4 (]: Writing injected SQL for node "test.dfe_apprenticeships.dbt_utils_unique_combination_of_columns_fct_apprenticeship_headline_row_key__valid_from_seq.15161f8a56"
[0m01:37:14.705973 [debug] [Thread-4 (]: Began executing node test.dfe_apprenticeships.dbt_utils_unique_combination_of_columns_fct_apprenticeship_headline_row_key__valid_from_seq.15161f8a56
[0m01:37:14.707284 [debug] [Thread-4 (]: Writing runtime sql for node "test.dfe_apprenticeships.dbt_utils_unique_combination_of_columns_fct_apprenticeship_headline_row_key__valid_from_seq.15161f8a56"
[0m01:37:14.707808 [debug] [Thread-4 (]: On test.dfe_apprenticeships.dbt_utils_unique_combination_of_columns_fct_apprenticeship_headline_row_key__valid_from_seq.15161f8a56: /* {"app": "dbt", "dbt_version": "1.12.3", "profile_name": "dfe_apprenticeships", "target_name": "dev", "node_id": "test.dfe_apprenticeships.dbt_utils_unique_combination_of_columns_fct_apprenticeship_headline_row_key__valid_from_seq.15161f8a56"} */

    
    select
      count(*) as failures,
      count(*) != 0 as should_warn,
      count(*) != 0 as should_error
    from (
      
    
  





with validation_errors as (

    select
        row_key, valid_from_seq
    from `dfe-apprenticeships-2026`.`gold`.`fct_apprenticeship_headline`
    group by row_key, valid_from_seq
    having count(*) > 1

)

select *
from validation_errors



  
  
      
    ) dbt_internal_test
[0m01:37:14.708168 [debug] [Thread-4 (]: Opening a new connection, currently in state closed
[0m01:37:15.180074 [debug] [Thread-2 (]: BigQuery adapter: https://console.cloud.google.com/bigquery?project=dfe-apprenticeships-2026&j=bq:europe-west2:c796107f-7b1f-40b3-8b5a-730271e95f7d&page=queryresults
[0m01:37:15.181178 [debug] [Thread-3 (]: BigQuery adapter: https://console.cloud.google.com/bigquery?project=dfe-apprenticeships-2026&j=bq:europe-west2:5817e22f-11fc-4d38-a187-9962b69c07ae&page=queryresults
[0m01:37:15.186528 [debug] [Thread-4 (]: BigQuery adapter: https://console.cloud.google.com/bigquery?project=dfe-apprenticeships-2026&j=bq:europe-west2:a23866ab-4309-48e7-83cc-4bdc84442f10&page=queryresults
[0m01:37:15.417360 [debug] [Thread-2 (]: SQL status: OK in 0.235 seconds
[0m01:37:15.421642 [debug] [Thread-4 (]: SQL status: OK in 0.234 seconds
[0m01:37:15.424466 [debug] [Thread-3 (]: SQL status: OK in 0.241 seconds
[0m01:37:15.930639 [info ] [Thread-2 (]: 5 of 17 PASS assert_current_matches_latest_version ............................. [[32mPASS[0m in 1.33s]
[0m01:37:15.937328 [debug] [Thread-1 (]: BigQuery adapter: https://console.cloud.google.com/bigquery?project=dfe-apprenticeships-2026&j=bq:europe-west2:bd106042-55b5-47b8-b2e3-e1b8359c0c92&page=queryresults
[0m01:37:15.933897 [info ] [Thread-4 (]: 8 of 17 PASS dbt_utils_unique_combination_of_columns_fct_apprenticeship_headline_row_key__valid_from_seq  [[32mPASS[0m in 1.25s]
[0m01:37:15.936272 [info ] [Thread-3 (]: 7 of 17 PASS dbt_utils_accepted_range_stg_apprenticeships_academic_year_start__2030__2017  [[32mPASS[0m in 1.31s]
[0m01:37:15.938338 [debug] [Thread-2 (]: Finished running node test.dfe_apprenticeships.assert_current_matches_latest_version
[0m01:37:15.939520 [debug] [Thread-4 (]: Finished running node test.dfe_apprenticeships.dbt_utils_unique_combination_of_columns_fct_apprenticeship_headline_row_key__valid_from_seq.15161f8a56
[0m01:37:15.940877 [debug] [Thread-3 (]: Finished running node test.dfe_apprenticeships.dbt_utils_accepted_range_stg_apprenticeships_academic_year_start__2030__2017.b6d810965b
[0m01:37:15.941469 [debug] [Thread-2 (]: Began running node test.dfe_apprenticeships.dbt_utils_unique_combination_of_columns_stg_apprenticeships_row_key__dataset_version.3f31dfd779
[0m01:37:15.942046 [debug] [Thread-4 (]: Began running node test.dfe_apprenticeships.not_null_fct_apprenticeship_headline_is_current.7520dc729f
[0m01:37:15.942579 [debug] [Thread-3 (]: Began running node test.dfe_apprenticeships.not_null_fct_apprenticeship_headline_row_key.5d77d2d604
[0m01:37:15.943242 [info ] [Thread-2 (]: 9 of 17 START test dbt_utils_unique_combination_of_columns_stg_apprenticeships_row_key__dataset_version  [RUN]
[0m01:37:15.943867 [info ] [Thread-4 (]: 10 of 17 START test not_null_fct_apprenticeship_headline_is_current ............ [RUN]
[0m01:37:15.944460 [info ] [Thread-3 (]: 11 of 17 START test not_null_fct_apprenticeship_headline_row_key ............... [RUN]
[0m01:37:15.945112 [debug] [Thread-2 (]: Re-using an available connection from the pool (formerly test.dfe_apprenticeships.assert_current_matches_latest_version, now test.dfe_apprenticeships.dbt_utils_unique_combination_of_columns_stg_apprenticeships_row_key__dataset_version.3f31dfd779)
[0m01:37:15.945631 [debug] [Thread-4 (]: Re-using an available connection from the pool (formerly test.dfe_apprenticeships.dbt_utils_unique_combination_of_columns_fct_apprenticeship_headline_row_key__valid_from_seq.15161f8a56, now test.dfe_apprenticeships.not_null_fct_apprenticeship_headline_is_current.7520dc729f)
[0m01:37:15.946092 [debug] [Thread-3 (]: Re-using an available connection from the pool (formerly test.dfe_apprenticeships.dbt_utils_accepted_range_stg_apprenticeships_academic_year_start__2030__2017.b6d810965b, now test.dfe_apprenticeships.not_null_fct_apprenticeship_headline_row_key.5d77d2d604)
[0m01:37:15.946488 [debug] [Thread-2 (]: Began compiling node test.dfe_apprenticeships.dbt_utils_unique_combination_of_columns_stg_apprenticeships_row_key__dataset_version.3f31dfd779
[0m01:37:15.946852 [debug] [Thread-4 (]: Began compiling node test.dfe_apprenticeships.not_null_fct_apprenticeship_headline_is_current.7520dc729f
[0m01:37:15.947179 [debug] [Thread-3 (]: Began compiling node test.dfe_apprenticeships.not_null_fct_apprenticeship_headline_row_key.5d77d2d604
[0m01:37:15.958389 [debug] [Thread-2 (]: Writing injected SQL for node "test.dfe_apprenticeships.dbt_utils_unique_combination_of_columns_stg_apprenticeships_row_key__dataset_version.3f31dfd779"
[0m01:37:15.966171 [debug] [Thread-4 (]: Writing injected SQL for node "test.dfe_apprenticeships.not_null_fct_apprenticeship_headline_is_current.7520dc729f"
[0m01:37:15.971630 [debug] [Thread-3 (]: Writing injected SQL for node "test.dfe_apprenticeships.not_null_fct_apprenticeship_headline_row_key.5d77d2d604"
[0m01:37:15.972499 [debug] [Thread-4 (]: Began executing node test.dfe_apprenticeships.not_null_fct_apprenticeship_headline_is_current.7520dc729f
[0m01:37:15.972818 [debug] [Thread-2 (]: Began executing node test.dfe_apprenticeships.dbt_utils_unique_combination_of_columns_stg_apprenticeships_row_key__dataset_version.3f31dfd779
[0m01:37:15.973101 [debug] [Thread-3 (]: Began executing node test.dfe_apprenticeships.not_null_fct_apprenticeship_headline_row_key.5d77d2d604
[0m01:37:15.974406 [debug] [Thread-4 (]: Writing runtime sql for node "test.dfe_apprenticeships.not_null_fct_apprenticeship_headline_is_current.7520dc729f"
[0m01:37:15.975677 [debug] [Thread-2 (]: Writing runtime sql for node "test.dfe_apprenticeships.dbt_utils_unique_combination_of_columns_stg_apprenticeships_row_key__dataset_version.3f31dfd779"
[0m01:37:15.976811 [debug] [Thread-3 (]: Writing runtime sql for node "test.dfe_apprenticeships.not_null_fct_apprenticeship_headline_row_key.5d77d2d604"
[0m01:37:15.977428 [debug] [Thread-4 (]: On test.dfe_apprenticeships.not_null_fct_apprenticeship_headline_is_current.7520dc729f: /* {"app": "dbt", "dbt_version": "1.12.3", "profile_name": "dfe_apprenticeships", "target_name": "dev", "node_id": "test.dfe_apprenticeships.not_null_fct_apprenticeship_headline_is_current.7520dc729f"} */

    
    select
      count(*) as failures,
      count(*) != 0 as should_warn,
      count(*) != 0 as should_error
    from (
      
    
  
    
    



select is_current
from `dfe-apprenticeships-2026`.`gold`.`fct_apprenticeship_headline`
where is_current is null



  
  
      
    ) dbt_internal_test
[0m01:37:15.977809 [debug] [Thread-2 (]: On test.dfe_apprenticeships.dbt_utils_unique_combination_of_columns_stg_apprenticeships_row_key__dataset_version.3f31dfd779: /* {"app": "dbt", "dbt_version": "1.12.3", "profile_name": "dfe_apprenticeships", "target_name": "dev", "node_id": "test.dfe_apprenticeships.dbt_utils_unique_combination_of_columns_stg_apprenticeships_row_key__dataset_version.3f31dfd779"} */

    
    select
      count(*) as failures,
      count(*) != 0 as should_warn,
      count(*) != 0 as should_error
    from (
      
    
  





with validation_errors as (

    select
        row_key, dataset_version
    from `dfe-apprenticeships-2026`.`silver`.`stg_apprenticeships`
    group by row_key, dataset_version
    having count(*) > 1

)

select *
from validation_errors



  
  
      
    ) dbt_internal_test
[0m01:37:15.978158 [debug] [Thread-3 (]: On test.dfe_apprenticeships.not_null_fct_apprenticeship_headline_row_key.5d77d2d604: /* {"app": "dbt", "dbt_version": "1.12.3", "profile_name": "dfe_apprenticeships", "target_name": "dev", "node_id": "test.dfe_apprenticeships.not_null_fct_apprenticeship_headline_row_key.5d77d2d604"} */

    
    select
      count(*) as failures,
      count(*) != 0 as should_warn,
      count(*) != 0 as should_error
    from (
      
    
  
    
    



select row_key
from `dfe-apprenticeships-2026`.`gold`.`fct_apprenticeship_headline`
where row_key is null



  
  
      
    ) dbt_internal_test
[0m01:37:15.978531 [debug] [Thread-4 (]: Opening a new connection, currently in state closed
[0m01:37:15.978848 [debug] [Thread-2 (]: Opening a new connection, currently in state closed
[0m01:37:15.979158 [debug] [Thread-3 (]: Opening a new connection, currently in state closed
[0m01:37:16.158511 [debug] [Thread-1 (]: SQL status: OK in 0.220 seconds
[0m01:37:16.435919 [debug] [Thread-4 (]: BigQuery adapter: https://console.cloud.google.com/bigquery?project=dfe-apprenticeships-2026&j=bq:europe-west2:47490ffe-d911-48dd-8974-1209ad2402f5&page=queryresults
[0m01:37:16.674380 [debug] [Thread-2 (]: BigQuery adapter: https://console.cloud.google.com/bigquery?project=dfe-apprenticeships-2026&j=bq:europe-west2:c6ed2816-bd6e-4a12-9491-1d054916e06f&page=queryresults
[0m01:37:16.734605 [info ] [Thread-1 (]: 6 of 17 PASS assert_detail_grain_reconciles_to_published_total ................. [[32mPASS[0m in 2.12s]
[0m01:37:16.736990 [debug] [Thread-4 (]: SQL status: OK in 0.300 seconds
[0m01:37:16.737889 [debug] [Thread-1 (]: Finished running node test.dfe_apprenticeships.assert_detail_grain_reconciles_to_published_total
[0m01:37:16.739998 [debug] [Thread-1 (]: Began running node test.dfe_apprenticeships.not_null_fct_apprenticeship_headline_valid_from_seq.f9d88a1046
[0m01:37:16.740789 [info ] [Thread-1 (]: 12 of 17 START test not_null_fct_apprenticeship_headline_valid_from_seq ........ [RUN]
[0m01:37:16.741527 [debug] [Thread-1 (]: Re-using an available connection from the pool (formerly test.dfe_apprenticeships.assert_detail_grain_reconciles_to_published_total, now test.dfe_apprenticeships.not_null_fct_apprenticeship_headline_valid_from_seq.f9d88a1046)
[0m01:37:16.741989 [debug] [Thread-1 (]: Began compiling node test.dfe_apprenticeships.not_null_fct_apprenticeship_headline_valid_from_seq.f9d88a1046
[0m01:37:16.752720 [debug] [Thread-1 (]: Writing injected SQL for node "test.dfe_apprenticeships.not_null_fct_apprenticeship_headline_valid_from_seq.f9d88a1046"
[0m01:37:16.754110 [debug] [Thread-1 (]: Began executing node test.dfe_apprenticeships.not_null_fct_apprenticeship_headline_valid_from_seq.f9d88a1046
[0m01:37:16.755827 [debug] [Thread-1 (]: Writing runtime sql for node "test.dfe_apprenticeships.not_null_fct_apprenticeship_headline_valid_from_seq.f9d88a1046"
[0m01:37:16.756753 [debug] [Thread-1 (]: On test.dfe_apprenticeships.not_null_fct_apprenticeship_headline_valid_from_seq.f9d88a1046: /* {"app": "dbt", "dbt_version": "1.12.3", "profile_name": "dfe_apprenticeships", "target_name": "dev", "node_id": "test.dfe_apprenticeships.not_null_fct_apprenticeship_headline_valid_from_seq.f9d88a1046"} */

    
    select
      count(*) as failures,
      count(*) != 0 as should_warn,
      count(*) != 0 as should_error
    from (
      
    
  
    
    



select valid_from_seq
from `dfe-apprenticeships-2026`.`gold`.`fct_apprenticeship_headline`
where valid_from_seq is null



  
  
      
    ) dbt_internal_test
[0m01:37:16.757191 [debug] [Thread-1 (]: Opening a new connection, currently in state closed
[0m01:37:16.773626 [debug] [Thread-3 (]: BigQuery adapter: https://console.cloud.google.com/bigquery?project=dfe-apprenticeships-2026&j=bq:europe-west2:a89f1192-4ba2-4597-995f-6a428c5580e0&page=queryresults
[0m01:37:16.917479 [debug] [Thread-2 (]: SQL status: OK in 0.242 seconds
[0m01:37:17.032812 [debug] [Thread-3 (]: SQL status: OK in 0.258 seconds
[0m01:37:17.224770 [debug] [Thread-1 (]: BigQuery adapter: https://console.cloud.google.com/bigquery?project=dfe-apprenticeships-2026&j=bq:europe-west2:7363f35e-7307-45fa-8805-024c115ca79d&page=queryresults
[0m01:37:17.236755 [info ] [Thread-4 (]: 10 of 17 PASS not_null_fct_apprenticeship_headline_is_current .................. [[32mPASS[0m in 1.29s]
[0m01:37:17.237978 [debug] [Thread-4 (]: Finished running node test.dfe_apprenticeships.not_null_fct_apprenticeship_headline_is_current.7520dc729f
[0m01:37:17.238599 [debug] [Thread-4 (]: Began running node test.dfe_apprenticeships.not_null_stg_apprenticeships_academic_year_start.6be333a660
[0m01:37:17.239250 [info ] [Thread-4 (]: 13 of 17 START test not_null_stg_apprenticeships_academic_year_start ........... [RUN]
[0m01:37:17.239977 [debug] [Thread-4 (]: Re-using an available connection from the pool (formerly test.dfe_apprenticeships.not_null_fct_apprenticeship_headline_is_current.7520dc729f, now test.dfe_apprenticeships.not_null_stg_apprenticeships_academic_year_start.6be333a660)
[0m01:37:17.240440 [debug] [Thread-4 (]: Began compiling node test.dfe_apprenticeships.not_null_stg_apprenticeships_academic_year_start.6be333a660
[0m01:37:17.250580 [debug] [Thread-4 (]: Writing injected SQL for node "test.dfe_apprenticeships.not_null_stg_apprenticeships_academic_year_start.6be333a660"
[0m01:37:17.252493 [debug] [Thread-4 (]: Began executing node test.dfe_apprenticeships.not_null_stg_apprenticeships_academic_year_start.6be333a660
[0m01:37:17.254178 [debug] [Thread-4 (]: Writing runtime sql for node "test.dfe_apprenticeships.not_null_stg_apprenticeships_academic_year_start.6be333a660"
[0m01:37:17.254842 [debug] [Thread-4 (]: On test.dfe_apprenticeships.not_null_stg_apprenticeships_academic_year_start.6be333a660: /* {"app": "dbt", "dbt_version": "1.12.3", "profile_name": "dfe_apprenticeships", "target_name": "dev", "node_id": "test.dfe_apprenticeships.not_null_stg_apprenticeships_academic_year_start.6be333a660"} */

    
    select
      count(*) as failures,
      count(*) != 0 as should_warn,
      count(*) != 0 as should_error
    from (
      
    
  
    
    



select academic_year_start
from `dfe-apprenticeships-2026`.`silver`.`stg_apprenticeships`
where academic_year_start is null



  
  
      
    ) dbt_internal_test
[0m01:37:17.255291 [debug] [Thread-4 (]: Opening a new connection, currently in state closed
[0m01:37:17.370785 [info ] [Thread-2 (]: 9 of 17 PASS dbt_utils_unique_combination_of_columns_stg_apprenticeships_row_key__dataset_version  [[32mPASS[0m in 1.43s]
[0m01:37:17.372002 [debug] [Thread-2 (]: Finished running node test.dfe_apprenticeships.dbt_utils_unique_combination_of_columns_stg_apprenticeships_row_key__dataset_version.3f31dfd779
[0m01:37:17.372655 [debug] [Thread-2 (]: Began running node test.dfe_apprenticeships.not_null_stg_apprenticeships_aggregation_depth.c7894ea167
[0m01:37:17.373308 [info ] [Thread-2 (]: 14 of 17 START test not_null_stg_apprenticeships_aggregation_depth ............. [RUN]
[0m01:37:17.374004 [debug] [Thread-2 (]: Re-using an available connection from the pool (formerly test.dfe_apprenticeships.dbt_utils_unique_combination_of_columns_stg_apprenticeships_row_key__dataset_version.3f31dfd779, now test.dfe_apprenticeships.not_null_stg_apprenticeships_aggregation_depth.c7894ea167)
[0m01:37:17.374450 [debug] [Thread-2 (]: Began compiling node test.dfe_apprenticeships.not_null_stg_apprenticeships_aggregation_depth.c7894ea167
[0m01:37:17.384274 [debug] [Thread-2 (]: Writing injected SQL for node "test.dfe_apprenticeships.not_null_stg_apprenticeships_aggregation_depth.c7894ea167"
[0m01:37:17.385263 [debug] [Thread-2 (]: Began executing node test.dfe_apprenticeships.not_null_stg_apprenticeships_aggregation_depth.c7894ea167
[0m01:37:17.386960 [debug] [Thread-2 (]: Writing runtime sql for node "test.dfe_apprenticeships.not_null_stg_apprenticeships_aggregation_depth.c7894ea167"
[0m01:37:17.387554 [debug] [Thread-2 (]: On test.dfe_apprenticeships.not_null_stg_apprenticeships_aggregation_depth.c7894ea167: /* {"app": "dbt", "dbt_version": "1.12.3", "profile_name": "dfe_apprenticeships", "target_name": "dev", "node_id": "test.dfe_apprenticeships.not_null_stg_apprenticeships_aggregation_depth.c7894ea167"} */

    
    select
      count(*) as failures,
      count(*) != 0 as should_warn,
      count(*) != 0 as should_error
    from (
      
    
  
    
    



select aggregation_depth
from `dfe-apprenticeships-2026`.`silver`.`stg_apprenticeships`
where aggregation_depth is null



  
  
      
    ) dbt_internal_test
[0m01:37:17.387941 [debug] [Thread-2 (]: Opening a new connection, currently in state closed
[0m01:37:17.472241 [debug] [Thread-1 (]: SQL status: OK in 0.246 seconds
[0m01:37:17.539389 [info ] [Thread-3 (]: 11 of 17 PASS not_null_fct_apprenticeship_headline_row_key ..................... [[32mPASS[0m in 1.59s]
[0m01:37:17.540215 [debug] [Thread-3 (]: Finished running node test.dfe_apprenticeships.not_null_fct_apprenticeship_headline_row_key.5d77d2d604
[0m01:37:17.540654 [debug] [Thread-3 (]: Began running node test.dfe_apprenticeships.not_null_stg_apprenticeships_dataset_version.5bb5fe06d6
[0m01:37:17.541106 [info ] [Thread-3 (]: 15 of 17 START test not_null_stg_apprenticeships_dataset_version ............... [RUN]
[0m01:37:17.541617 [debug] [Thread-3 (]: Re-using an available connection from the pool (formerly test.dfe_apprenticeships.not_null_fct_apprenticeship_headline_row_key.5d77d2d604, now test.dfe_apprenticeships.not_null_stg_apprenticeships_dataset_version.5bb5fe06d6)
[0m01:37:17.541987 [debug] [Thread-3 (]: Began compiling node test.dfe_apprenticeships.not_null_stg_apprenticeships_dataset_version.5bb5fe06d6
[0m01:37:17.549983 [debug] [Thread-3 (]: Writing injected SQL for node "test.dfe_apprenticeships.not_null_stg_apprenticeships_dataset_version.5bb5fe06d6"
[0m01:37:17.551048 [debug] [Thread-3 (]: Began executing node test.dfe_apprenticeships.not_null_stg_apprenticeships_dataset_version.5bb5fe06d6
[0m01:37:17.552578 [debug] [Thread-3 (]: Writing runtime sql for node "test.dfe_apprenticeships.not_null_stg_apprenticeships_dataset_version.5bb5fe06d6"
[0m01:37:17.553186 [debug] [Thread-3 (]: On test.dfe_apprenticeships.not_null_stg_apprenticeships_dataset_version.5bb5fe06d6: /* {"app": "dbt", "dbt_version": "1.12.3", "profile_name": "dfe_apprenticeships", "target_name": "dev", "node_id": "test.dfe_apprenticeships.not_null_stg_apprenticeships_dataset_version.5bb5fe06d6"} */

    
    select
      count(*) as failures,
      count(*) != 0 as should_warn,
      count(*) != 0 as should_error
    from (
      
    
  
    
    



select dataset_version
from `dfe-apprenticeships-2026`.`silver`.`stg_apprenticeships`
where dataset_version is null



  
  
      
    ) dbt_internal_test
[0m01:37:17.553580 [debug] [Thread-3 (]: Opening a new connection, currently in state closed
[0m01:37:17.817086 [debug] [Thread-2 (]: BigQuery adapter: https://console.cloud.google.com/bigquery?project=dfe-apprenticeships-2026&j=bq:europe-west2:1b20a250-56d3-4fc3-ade4-9e00bb10ab9c&page=queryresults
[0m01:37:17.823718 [debug] [Thread-4 (]: BigQuery adapter: https://console.cloud.google.com/bigquery?project=dfe-apprenticeships-2026&j=bq:europe-west2:502a87a2-9346-449a-94fd-44aeb09094bc&page=queryresults
[0m01:37:17.938133 [info ] [Thread-1 (]: 12 of 17 PASS not_null_fct_apprenticeship_headline_valid_from_seq .............. [[32mPASS[0m in 1.20s]
[0m01:37:17.939343 [debug] [Thread-1 (]: Finished running node test.dfe_apprenticeships.not_null_fct_apprenticeship_headline_valid_from_seq.f9d88a1046
[0m01:37:17.940006 [debug] [Thread-1 (]: Began running node test.dfe_apprenticeships.not_null_stg_apprenticeships_row_key.82c4014b42
[0m01:37:17.940678 [info ] [Thread-1 (]: 16 of 17 START test not_null_stg_apprenticeships_row_key ....................... [RUN]
[0m01:37:17.941387 [debug] [Thread-1 (]: Re-using an available connection from the pool (formerly test.dfe_apprenticeships.not_null_fct_apprenticeship_headline_valid_from_seq.f9d88a1046, now test.dfe_apprenticeships.not_null_stg_apprenticeships_row_key.82c4014b42)
[0m01:37:17.941875 [debug] [Thread-1 (]: Began compiling node test.dfe_apprenticeships.not_null_stg_apprenticeships_row_key.82c4014b42
[0m01:37:17.951997 [debug] [Thread-1 (]: Writing injected SQL for node "test.dfe_apprenticeships.not_null_stg_apprenticeships_row_key.82c4014b42"
[0m01:37:17.954043 [debug] [Thread-1 (]: Began executing node test.dfe_apprenticeships.not_null_stg_apprenticeships_row_key.82c4014b42
[0m01:37:17.955779 [debug] [Thread-1 (]: Writing runtime sql for node "test.dfe_apprenticeships.not_null_stg_apprenticeships_row_key.82c4014b42"
[0m01:37:17.956475 [debug] [Thread-1 (]: On test.dfe_apprenticeships.not_null_stg_apprenticeships_row_key.82c4014b42: /* {"app": "dbt", "dbt_version": "1.12.3", "profile_name": "dfe_apprenticeships", "target_name": "dev", "node_id": "test.dfe_apprenticeships.not_null_stg_apprenticeships_row_key.82c4014b42"} */

    
    select
      count(*) as failures,
      count(*) != 0 as should_warn,
      count(*) != 0 as should_error
    from (
      
    
  
    
    



select row_key
from `dfe-apprenticeships-2026`.`silver`.`stg_apprenticeships`
where row_key is null



  
  
      
    ) dbt_internal_test
[0m01:37:17.956919 [debug] [Thread-1 (]: Opening a new connection, currently in state closed
[0m01:37:18.050849 [debug] [Thread-4 (]: SQL status: OK in 0.226 seconds
[0m01:37:18.054180 [debug] [Thread-2 (]: SQL status: OK in 0.236 seconds
[0m01:37:18.075204 [debug] [Thread-3 (]: BigQuery adapter: https://console.cloud.google.com/bigquery?project=dfe-apprenticeships-2026&j=bq:europe-west2:1b0c74f5-ab7a-4b2e-9117-6f12858a323e&page=queryresults
[0m01:37:18.296371 [debug] [Thread-3 (]: SQL status: OK in 0.220 seconds
[0m01:37:18.378525 [debug] [Thread-1 (]: BigQuery adapter: https://console.cloud.google.com/bigquery?project=dfe-apprenticeships-2026&j=bq:europe-west2:0156e7a6-66c0-4542-bf26-17f07a5e61a7&page=queryresults
[0m01:37:18.475306 [info ] [Thread-2 (]: 14 of 17 PASS not_null_stg_apprenticeships_aggregation_depth ................... [[32mPASS[0m in 1.10s]
[0m01:37:18.476745 [debug] [Thread-2 (]: Finished running node test.dfe_apprenticeships.not_null_stg_apprenticeships_aggregation_depth.c7894ea167
[0m01:37:18.477328 [debug] [Thread-2 (]: Began running node test.dfe_apprenticeships.relationships_stg_apprenticeships_dataset_version__version__ref_dataset_versions_.48c2eac999
[0m01:37:18.478023 [info ] [Thread-2 (]: 17 of 17 START test relationships_stg_apprenticeships_dataset_version__version__ref_dataset_versions_  [RUN]
[0m01:37:18.478837 [debug] [Thread-2 (]: Re-using an available connection from the pool (formerly test.dfe_apprenticeships.not_null_stg_apprenticeships_aggregation_depth.c7894ea167, now test.dfe_apprenticeships.relationships_stg_apprenticeships_dataset_version__version__ref_dataset_versions_.48c2eac999)
[0m01:37:18.479276 [debug] [Thread-2 (]: Began compiling node test.dfe_apprenticeships.relationships_stg_apprenticeships_dataset_version__version__ref_dataset_versions_.48c2eac999
[0m01:37:18.500994 [debug] [Thread-2 (]: Writing injected SQL for node "test.dfe_apprenticeships.relationships_stg_apprenticeships_dataset_version__version__ref_dataset_versions_.48c2eac999"
[0m01:37:18.503480 [info ] [Thread-4 (]: 13 of 17 PASS not_null_stg_apprenticeships_academic_year_start ................. [[32mPASS[0m in 1.26s]
[0m01:37:18.504086 [debug] [Thread-4 (]: Finished running node test.dfe_apprenticeships.not_null_stg_apprenticeships_academic_year_start.6be333a660
[0m01:37:18.505615 [debug] [Thread-2 (]: Began executing node test.dfe_apprenticeships.relationships_stg_apprenticeships_dataset_version__version__ref_dataset_versions_.48c2eac999
[0m01:37:18.507226 [debug] [Thread-2 (]: Writing runtime sql for node "test.dfe_apprenticeships.relationships_stg_apprenticeships_dataset_version__version__ref_dataset_versions_.48c2eac999"
[0m01:37:18.507919 [debug] [Thread-2 (]: On test.dfe_apprenticeships.relationships_stg_apprenticeships_dataset_version__version__ref_dataset_versions_.48c2eac999: /* {"app": "dbt", "dbt_version": "1.12.3", "profile_name": "dfe_apprenticeships", "target_name": "dev", "node_id": "test.dfe_apprenticeships.relationships_stg_apprenticeships_dataset_version__version__ref_dataset_versions_.48c2eac999"} */

    
    select
      count(*) as failures,
      count(*) != 0 as should_warn,
      count(*) != 0 as should_error
    from (
      
    
  
    
    

with child as (
    select dataset_version as from_field
    from `dfe-apprenticeships-2026`.`silver`.`stg_apprenticeships`
    where dataset_version is not null
),

parent as (
    select version as to_field
    from `dfe-apprenticeships-2026`.`silver`.`dataset_versions`
)

select
    from_field

from child
left join parent
    on child.from_field = parent.to_field

where parent.to_field is null



  
  
      
    ) dbt_internal_test
[0m01:37:18.508328 [debug] [Thread-2 (]: Opening a new connection, currently in state closed
[0m01:37:18.614625 [debug] [Thread-1 (]: SQL status: OK in 0.235 seconds
[0m01:37:18.761251 [info ] [Thread-3 (]: 15 of 17 PASS not_null_stg_apprenticeships_dataset_version ..................... [[32mPASS[0m in 1.22s]
[0m01:37:18.762542 [debug] [Thread-3 (]: Finished running node test.dfe_apprenticeships.not_null_stg_apprenticeships_dataset_version.5bb5fe06d6
[0m01:37:18.992609 [debug] [Thread-2 (]: BigQuery adapter: https://console.cloud.google.com/bigquery?project=dfe-apprenticeships-2026&j=bq:europe-west2:4b1d2712-4628-4d8e-869b-70f5557e4e85&page=queryresults
[0m01:37:19.036672 [info ] [Thread-1 (]: 16 of 17 PASS not_null_stg_apprenticeships_row_key ............................. [[32mPASS[0m in 1.10s]
[0m01:37:19.037864 [debug] [Thread-1 (]: Finished running node test.dfe_apprenticeships.not_null_stg_apprenticeships_row_key.82c4014b42
[0m01:37:19.219980 [debug] [Thread-2 (]: SQL status: OK in 0.226 seconds
[0m01:37:19.660877 [info ] [Thread-2 (]: 17 of 17 PASS relationships_stg_apprenticeships_dataset_version__version__ref_dataset_versions_  [[32mPASS[0m in 1.18s]
[0m01:37:19.662204 [debug] [Thread-2 (]: Finished running node test.dfe_apprenticeships.relationships_stg_apprenticeships_dataset_version__version__ref_dataset_versions_.48c2eac999
[0m01:37:19.664210 [debug] [MainThread]: Opening a new connection, currently in state closed
[0m01:37:19.665498 [debug] [MainThread]: Connection 'master' was properly closed.
[0m01:37:19.666023 [debug] [MainThread]: Connection 'test.dfe_apprenticeships.not_null_stg_apprenticeships_row_key.82c4014b42' was properly closed.
[0m01:37:19.666543 [debug] [MainThread]: Connection 'test.dfe_apprenticeships.relationships_stg_apprenticeships_dataset_version__version__ref_dataset_versions_.48c2eac999' was properly closed.
[0m01:37:19.666963 [debug] [MainThread]: Connection 'test.dfe_apprenticeships.not_null_stg_apprenticeships_dataset_version.5bb5fe06d6' was properly closed.
[0m01:37:19.667389 [debug] [MainThread]: Connection 'test.dfe_apprenticeships.not_null_stg_apprenticeships_academic_year_start.6be333a660' was properly closed.
[0m01:37:19.668128 [info ] [MainThread]: 
[0m01:37:19.668550 [info ] [MainThread]: Finished running 17 data tests in 0 hours 0 minutes and 8.25 seconds (8.25s).
[0m01:37:19.671824 [debug] [MainThread]: Command end result
[0m01:37:19.723984 [debug] [MainThread]: Wrote artifact WritableManifest to /Users/saitejasunku/dev/dfe-apprenticeships-pipeline/dbt/target/manifest.json
[0m01:37:19.727107 [debug] [MainThread]: Wrote artifact SemanticManifest to /Users/saitejasunku/dev/dfe-apprenticeships-pipeline/dbt/target/semantic_manifest.json
[0m01:37:19.729397 [debug] [MainThread]: Wrote artifact OsiDocument to /Users/saitejasunku/dev/dfe-apprenticeships-pipeline/dbt/target/osi_document.json
[0m01:37:19.737849 [debug] [MainThread]: Wrote artifact RunExecutionResult to /Users/saitejasunku/dev/dfe-apprenticeships-pipeline/dbt/target/run_results.json
[0m01:37:19.738205 [info ] [MainThread]: 
[0m01:37:19.738555 [info ] [MainThread]: [32mCompleted successfully[0m
[0m01:37:19.738822 [info ] [MainThread]: 
[0m01:37:19.739112 [info ] [MainThread]: Done. PASS=17 WARN=0 ERROR=0 SKIP=0 NO-OP=0 REUSED=0 TOTAL=17
[0m01:37:19.744352 [debug] [MainThread]: Resource report: {"command_name": "test", "command_success": true, "command_wall_clock_time": 10.628899, "process_in_blocks": "0", "process_kernel_time": 0.631898, "process_mem_max_rss": "246546432", "process_out_blocks": "0", "process_user_time": 3.627599}
[0m01:37:19.744850 [debug] [MainThread]: Command `dbt test` succeeded at 01:37:19.744761 after 10.63 seconds
[0m01:37:19.745236 [debug] [MainThread]: Sending event: {'category': 'dbt', 'action': 'invocation', 'label': 'end', 'context': [<snowplow_tracker.self_describing_json.SelfDescribingJson object at 0x103df85b0>, <snowplow_tracker.self_describing_json.SelfDescribingJson object at 0x1052c1ae0>, <snowplow_tracker.self_describing_json.SelfDescribingJson object at 0x114f3b520>]}
[0m01:37:19.745584 [debug] [MainThread]: Flushing usage events
[0m01:37:20.215146 [debug] [MainThread]: An error was encountered while trying to flush usage events
